{
    "Afghanistan": [
        "Kabul"
    ],
    "Albania": [
        "Durres",
        "Sarande",
        "Shengjin",
        "Valona",
        "Vlore"
    ],
    "Algeria": [
        "Algeria",
        "Annaba",
        "Arzew",
        "Arzew El-Djedid",
        "Bejaia",
        "Benisaf",
        "Beni Saf",
        "Cherchell",
        "Collo",
        "Dellys",
        "Djazair",
        "Djen-Djen",
        "Ghazaouet",
        "Jijel",
        "Mestghanem",
        "Mostaganem",
        "Oran",
        "Port Methanier",
        "Skikda",
        "Tenes"
    ],
    "American Samoa": [
        "Pago Pago"
    ],
    "Antigua and Barbuda": [
        "St. Johns"
    ],
    "Argentina": [
        "Arroyo Seco",
        "Atucha",
        "Bahia Blanca",
        "Buenos Aires",
        "Caleta Paula",
        "Campana",
        "Comodoro Rivadacomod",
        "Concepcion",
        "Deseado",
        "Diamante",
        "Ensenada",
        "Ibicuy",
        "La Plata",
        "Mar del Plata",
        "Puerto Deseado",
        "Puerto Madryn",
        "Puerto Martins",
        "Puerto Parana",
        "Punta Colorada",
        "Punta Loyola",
        "Quequen",
        "Ramallo",
        "Rio Cullen Marine Terminal",
        "Rio Gallegos",
        "Rio Grande",
        "Rosario",
        "San Antonio Este",
        "San Julian",
        "San Lorenzo",
        "San Nicolas",
        "San Sebastian Bay",
        "Santa Cruz",
        "Santa Fe",
        "Ushuaia",
        "Villa Constitucvilla",
        "Zarate"
    ],
    "Aruba": [
        "Aruba",
        "Barcadera",
        "Oranjestad",
        "San Nicolas"
    ],
    "Australia": [
        "Abbot Point",
        "Adelaide",
        "Airlie Island",
        "Albany",
        "Ardrossan",
        "Ballast Head",
        "Barrow Island",
        "Bell Bay",
        "Bing Bong",
        "Botany Bay",
        "Brisbane",
        "Broome",
        "Bunbury",
        "Bundaberg",
        "Burnie",
        "Cairns",
        "Cape Cuvier",
        "Cape Flattery",
        "Cape Jervis",
        "Carnarvon",
        "Challis Venture Terminal",
        "Cossack Pioneer Terminal",
        "Dampier",
        "Darwin",
        "Darwin (Nt)",
        "Devonport",
        "Eden",
        "Esperance",
        "Exmouth",
        "Fremantle",
        "Geelong",
        "Gladstone",
        "Gove",
        "Griffin Venture Terminal",
        "Groote Eylandt",
        "Hastings",
        "Hay Point",
        "Hedland",
        "Hobart",
        "Jabiru Marine Terminal",
        "Karumba",
        "Kingscote",
        "Kingston",
        "Klein Point",
        "Kwinana",
        "Launceston",
        "Longreach Tasmanian",
        "Lucinda",
        "Mackay",
        "Maryborough",
        "Melbourne",
        "Milner Bay",
        "Mourilyan",
        "Newcastle",
        "Penneshaw",
        "Perth",
        "Port Alma",
        "Port Bonython",
        "Port Giles",
        "Port Hedland",
        "Port Huon",
        "Port Kembla",
        "Portland",
        "Port Latta",
        "Port Lincoln",
        "Port Phillip Bay",
        "Port Pirie",
        "Port Stanvac",
        "Port Walcott",
        "Saladin Marine Terminal",
        "Spring Bay",
        "Stag Marine Terminal",
        "Stanley",
        "Strahan",
        "Sydney",
        "Thevenard",
        "Thursday Island",
        "Torres Strait",
        "Townsville",
        "Useless Loop",
        "Varanus Island Terminal",
        "Wallaroo",
        "Wandoo Marine Terminal",
        "Weipa",
        "Whyalla",
        "Wyndham",
        "Yamba"
    ],
    "Austria": [
        "Enns",
        "Linz",
        "Salzburg",
        "Vienna",
        "Wels",
        "Wien"
    ],
    "Azerbaijan": [
        "Baku"
    ],
    "Bahamas": [
        "Freeport",
        "Inagua Islands",
        "Nassau",
        "Ocean Cay",
        "South Riding Point"
    ],
    "Bahrain": [
        "Bahrain",
        "Mina Sulman",
        "Sitra"
    ],
    "Bangladesh": [
        "Chalna",
        "Chittagong",
        "Dhaka",
        "Mongla"
    ],
    "Barbados": [
        "Bridgetown"
    ],
    "Belarus": [
        "Brest"
    ],
    "Belgium": [
        "Antwerpen",
        "Brussels",
        "Genk",
        "Ghent",
        "Hemiksem",
        "Liege",
        "Londerzeel",
        "Nieuwpoort",
        "Ostend",
        "Zeebgrugge"
    ],
    "Belize": [
        "Belize",
        "Belize City"
    ],
    "Benin": [
        "Cotonou",
        "Seme Terminal"
    ],
    "Bermuda": [
        "Freeport",
        "Hamilton",
        "St George's"
    ],
    "Bolivia": [
        "Cochabamba",
        "La Paz",
        "San Pedro",
        "SANTA CRUZ"
    ],
    "Bosnia and Herzegovina": [
        "Sarajevo"
    ],
    "Botswana": [
        "Gaborone"
    ],
    "British Virgin Islands": [
        "Road Harbour",
        "Tortola",
        "Virgin Gorda"
    ],
    "Brunei": [
        "Kuala Belait",
        "Lumut",
        "Muara",
        "Muara Harbour",
        "Seria",
        "Tanjong Salirontanjo"
    ],
    "Bulgaria": [
        "Balchik",
        "Burgas",
        "Kavarna",
        "Nessebar",
        "Plovdiv",
        "Sofia",
        "Varna"
    ],
    "Cambodia": [
        "Kampong Saom",
        "Phnom Penh",
        "Sihanoukville"
    ],
    "Cameroon": [
        "Douala",
        "Ebome Marine Terminal",
        "Garoua",
        "Kole Terminal",
        "Kribi",
        "Limboh Terminal",
        "Moudi Terminal",
        "Tiko",
        "Victoria"
    ],
    "Canada": [
        "Aklavik",
        "Amherst",
        "Amherstburg",
        "Annapolis Royal",
        "Argentia",
        "Arichat",
        "Baddeck",
        "Baie Comeau",
        "Baie Verte",
        "Bathurst",
        "Bay Roberts",
        "Bayside",
        "Beaver Harbour",
        "Becancour",
        "Bella Coola",
        "Belledune",
        "Blanc-Sablon",
        "Botwood",
        "Brandon",
        "Bridgewater",
        "Brooks",
        "Buctouche Harbour",
        "Burgeo",
        "Burin",
        "Calgary",
        "Cambridge Bay",
        "Campbell River",
        "Campbellton",
        "Canso",
        "Cap-aux-Meules",
        "Caraquet",
        "Carbonear",
        "Carleton",
        "Carmanville",
        "Catalina",
        "Centerm",
        "Chandler",
        "Charlottetown",
        "Chatham",
        "Chemainus",
        "Chicoutimi",
        "Churchill",
        "Clarenville",
        "Clarkson",
        "Cobourg",
        "Collingwood",
        "Come By Chance",
        "Comox",
        "Concord",
        "Corner Brook",
        "Cornwall",
        "Country Harbour",
        "Cowichan Bay",
        "Crofton",
        "Dalhousie",
        "Dartmouth",
        "Digby",
        "Dingwall",
        "Don Mills",
        "Duncan Bay",
        "Edmonton",
        "Esquimalt",
        "Fraser Port",
        "Fraser Surrey Docks",
        "Gaspe",
        "Georgetown",
        "Godbout",
        "Goderich",
        "Gold River",
        "Goose Bay",
        "Grand Bank",
        "Grande Anse",
        "Gros Cacouna",
        "Halifax",
        "Hamilton",
        "Hantsport",
        "Harbour Breton",
        "Harbour Grace",
        "Harmac",
        "Havre St.Pierrehavre",
        "High River",
        "Holyrood",
        "Hull",
        "Iona",
        "Iqaluit",
        "Kelsey Bay",
        "Kingston",
        "Kingsville",
        "Kitimat",
        "La Have",
        "Les Escoumins",
        "Les Mechins",
        "Lewisporte",
        "Little Narrows",
        "Liverpool",
        "Lockeport",
        "Long Harbour",
        "Long Pond",
        "Louisbourg",
        "Lunenburg",
        "Main Brook",
        "Mandeville",
        "Marathon",
        "Marystown",
        "Matane",
        "Medicine Hat",
        "Meteghan",
        "Michipicoten Harbour",
        "Middle Point",
        "Midland",
        "Mississauga",
        "Montague",
        "Montreal",
        "Mulgrave",
        "Nanaimo",
        "Nanisivik",
        "Natashquan",
        "Newcastle",
        "New Glasgow",
        "New Richmond",
        "North Sydney",
        "Oakville",
        "Ocean Falls",
        "Oshawa",
        "Owen Sound",
        "Parrsboro",
        "Parry Sound",
        "Paspebiac",
        "Penetanguishene",
        "Penticton",
        "Pictou",
        "Pointe-au-Pic",
        "Pointe Noire",
        "Point Tupper",
        "Port Alfred",
        "Port Alice",
        "Port Aux Barqueport",
        "Port aux Basques",
        "Port Cartier",
        "Port Hardy",
        "Port Hawkesbury",
        "Port Hope",
        "Port Medway",
        "Port Mellon",
        "Portneuf",
        "Port Saguenay",
        "Port Stanley",
        "Port Weller",
        "Powell River",
        "Prescott",
        "Prince Albert",
        "Prince Rupert",
        "Pugwash",
        "Quebec",
        "Red Lake",
        "Regina",
        "Richibucto",
        "Rimouski",
        "Riverport",
        "Roberts Bank",
        "Saguenay",
        "Sainte-Anne-des-Monts",
        "Saint John",
        "Sarnia",
        "Saskatoon",
        "Saulte Ste Marie",
        "Sept-Iles",
        "Shediac",
        "Sheet Harbour",
        "Shelburne",
        "Sherbrooke",
        "Shippegan",
        "Sorel",
        "Souris",
        "Spragge",
        "Springdale",
        "Squamish",
        "St Anthony",
        "Stephenville",
        "Stewart",
        "St. John",
        "St John's",
        "St. Lawrence",
        "St Romuald",
        "Summerside",
        "Sydney",
        "Tahsis",
        "Texada Island",
        "Thunder Bay",
        "Tillsonburg",
        "Toronto",
        "Trenton",
        "Trois-Rivieres",
        "Tuktoyaktuk",
        "Twillingate",
        "Valleyfield",
        "Vancouver",
        "Vancouver Centerm Terminal",
        "Victoria",
        "Wabush",
        "Watson Island",
        "Welland",
        "Weymouth",
        "Wheatley",
        "Winchester",
        "Windsor",
        "Winnipeg",
        "Woodfibre",
        "Yarmouth"
    ],
    "Cape Verde": [
        "Porto Grande",
        "Porto Praia",
        "Sal Island"
    ],
    "Cayman Islands": [
        "Cayman Brac",
        "Georgetown"
    ],
    "Chile": [
        "Ancud",
        "Antofagasta",
        "Arica",
        "Balmaceda",
        "Barquito",
        "Cabo Negro",
        "Caldera",
        "Calderilla",
        "Caleta Barquito",
        "Caleta Coloso",
        "Caleta Patillos",
        "Castro",
        "Chacabuco",
        "Coquimbo",
        "Coronel",
        "Corral",
        "Cruz Grande",
        "Easter Island",
        "Guayacan",
        "Huasco",
        "Iquique",
        "Isla de Pascua",
        "Isla Guarello",
        "La Chimba Cove",
        "La Serena",
        "Lirquen",
        "Lota",
        "Magellan Strait Area",
        "Mejillones",
        "Patillos Cove",
        "Penco",
        "Port Williams",
        "Puerto Angamos",
        "Puerto Chacabuco",
        "Puerto Montt",
        "Puerto Natales",
        "Puerto Ventanas",
        "Punta Arenas",
        "Punta Patache",
        "Quellon",
        "Quemchi",
        "Quintero",
        "San Antonio",
        "Santiago",
        "San Vicente",
        "Talcahuano",
        "Taltal",
        "Tocopilla",
        "Valdivia",
        "Valparaiso"
    ],
    "China": [
        "Anqing",
        "Anshan",
        "Bahe",
        "Baimajing",
        "Bao'An",
        "Baotou",
        "Basou",
        "Bayuquan",
        "Beihai",
        "Beijiao",
        "Beijing",
        "Beipei",
        "Bengbu",
        "Binhai",
        "Buji",
        "Caofeidian Pt",
        "Changde",
        "Changsha",
        "Changshu",
        "Changzhi",
        "Changzhou",
        "Chengdu",
        "Chenglingji",
        "Chiwan",
        "Chizhou",
        "Chongming",
        "Chongqing",
        "Chuansha",
        "Da Chan Bay",
        "Dafeng",
        "Dagang",
        "Dalian",
        "Dandong",
        "Daqing",
        "Dazhong",
        "Deqing",
        "Dezhou",
        "Dianbai",
        "DIGANG",
        "Dongguan",
        "Dongshan",
        "Dongtai",
        "Dongwan",
        "Doumen",
        "Ezhou",
        "Fangcheng",
        "Fangcun",
        "Fengjie",
        "Foshan",
        "Fujin",
        "Fuling",
        "Fushun",
        "Fuyang",
        "Fuzhou",
        "Ganzhou",
        "Gaogang",
        "Gaolan",
        "Gaoming",
        "Gaoxiong",
        "Gongyi",
        "Guangzhou",
        "Guigang",
        "Guishan",
        "Haerbin",
        "Haian",
        "Haikou",
        "Haimen",
        "Hangzhou",
        "Hechi",
        "Hechuan",
        "Hefei",
        "Heihe",
        "Hengyang",
        "Heshan",
        "Hongwan",
        "Huadu",
        "Huaian",
        "Huaibei",
        "Huainan",
        "Huaiyin",
        "Huanghua",
        "Huangpu",
        "Huangshi",
        "Huizhou",
        "Huzhou",
        "Jiading",
        "Jiamusi",
        "Jiande",
        "Jiangmen",
        "Jiangyin",
        "Jianhu",
        "Jiao Xin",
        "Jiaxing",
        "Jinan",
        "Jingdezhen",
        "Jingtang",
        "Jinhua",
        "Jinshan",
        "Jinshi",
        "Jinzhou",
        "Jiujiang",
        "Kaifeng",
        "Kaiping",
        "Kunming",
        "Kunshan",
        "Laizhou",
        "Langfang",
        "Lanshan",
        "Lanshi",
        "Lanxi",
        "Lanzhou",
        "Leliu",
        "Lian Hua Shan",
        "Lianyungang",
        "Liaoyang",
        "Lihekou",
        "Lijiaxiang",
        "Linjiang",
        "Linyi",
        "Lishui",
        "Liuzhou",
        "Longkou",
        "Longyan",
        "Luzhou",
        "Maanshan",
        "Macau",
        "Machong",
        "Macun",
        "Mafang",
        "Maocaojie",
        "Maoming",
        "Mawan",
        "Mawei",
        "Meizhouwan",
        "Mianyang",
        "Nanchang",
        "Nangang",
        "Nanhai",
        "Nanhui",
        "Nanjing",
        "Nanning",
        "Nansha",
        "Nantong",
        "Ningbo",
        "Ningde",
        "Panyu",
        "Pinghu",
        "Pizhou",
        "Putian",
        "Qingdao",
        "Qingpu",
        "Qingxi",
        "Qingyuan",
        "Qinhuangdao",
        "Qinzhou",
        "Quanzhou",
        "Ranlishan",
        "Rizhao",
        "Rongcheng",
        "Rongqi",
        "Rugao",
        "Ruili",
        "Saiqi",
        "Sanbing",
        "Sanshan",
        "Sanshui",
        "Sanya",
        "Shahezi",
        "Shanghai",
        "Shantou",
        "Shanwei",
        "Shaoxing",
        "Shashi",
        "Shatian",
        "Shekou",
        "Shenwan",
        "Shenyang",
        "Shenzhen",
        "Sheyang",
        "Shidao",
        "Shipu",
        "Shiqiao",
        "Shuidong",
        "Shunde",
        "Sian",
        "Simao",
        "Siping",
        "Songjiang",
        "Suzhou",
        "Taian",
        "Taicang",
        "Taicheng",
        "Taiping",
        "Taixing",
        "Taiyuan",
        "Taizhoung",
        "Tanggu",
        "Tangshan",
        "Tianjin",
        "Tianzhen",
        "Tieling",
        "Tongjiang",
        "Tongling",
        "Tongshan",
        "Wanding",
        "Wanxuan",
        "Wanzai",
        "Weifang",
        "Weihai",
        "Weitang",
        "Weitou",
        "Weizhou Marine Terminal",
        "Wenzhou",
        "Wen Zhou",
        "Wuhan",
        "Wuhu",
        "Wutong",
        "Wuxi",
        "Wuxue",
        "Wuzhou",
        "Xiahai",
        "Xialong",
        "Xiamen",
        "Xian",
        "Xiangtan",
        "Xianyang",
        "Xiaogan",
        "Xiaolan",
        "Xiaopu",
        "Xiaoshan",
        "Xiashi",
        "Xichong",
        "Xidi",
        "Xijiang Marine Terminal",
        "Xinfeng",
        "Xingang",
        "Xinghua",
        "Xingyi",
        "Xinhui",
        "Xinsha",
        "Xinxiang",
        "Xiuyu",
        "Xuzhou",
        "Yangjiang",
        "Yangpu",
        "Yangshan",
        "Yangzhou",
        "Yantai",
        "Yantian",
        "Yibin",
        "Yichang",
        "Yingkou",
        "Yining",
        "Yiyang",
        "Yizheng",
        "Yuanjiang",
        "Yueyang",
        "Yunfu",
        "Zaozhuang",
        "Zhangjiabu",
        "Zhangjiagang",
        "Zhangjiang",
        "Zhangwan",
        "Zhangzhou",
        "Zhanjiang",
        "Zhaoqing",
        "Zhapu",
        "Zhengzhou",
        "Zhenjiang",
        "Zhicheng",
        "Zhijiang",
        "Zhongshan",
        "Zhoushan",
        "Zhuhai",
        "Zhuji",
        "Zhuozhou",
        "Zhuzhou"
    ],
    "Christmas Island": [
        "Christmas Island"
    ],
    "Colombia": [
        "Barranquilla",
        "Bogota",
        "Buenaventura",
        "CALI",
        "Cartagena",
        "Covenas",
        "Mamonal",
        "Medellin",
        "Muelles El Bosque",
        "Pozos Colorados",
        "Puerto Bolivar",
        "Puerto Colombia",
        "Puerto Prodeco",
        "San Andres Island",
        "Santa Marta",
        "Tolu",
        "Tumaco",
        "Turbo"
    ],
    "Comoros": [
        "Dzaoudzi",
        "Fomboni",
        "Mayotte",
        "Moroni",
        "Mutsamudu"
    ],
    "Cook Islands": [
        "Aitutaki",
        "Avatiu"
    ],
    "Costa Rica": [
        "Caldera",
        "Golfito",
        "Golfo Dulce",
        "Puerto Limon",
        "Puerto Moin",
        "Puntarenas",
        "Quepos",
        "San Jose"
    ],
    "Croatia": [
        "Bakar",
        "Dubrovnik",
        "Dugi Rat",
        "Hvar",
        "Korcula",
        "Mali Losinj",
        "Metkovic",
        "Omisalj",
        "Ploce",
        "Plomin",
        "Pula",
        "Rasa",
        "Rijeka Bakar",
        "Rovinj",
        "Senj",
        "Sibenik",
        "Split",
        "Zadar",
        "Zagreb"
    ],
    "Cuba": [
        "Antilla",
        "Bahia Honda",
        "Banes",
        "Baracoa",
        "Boca Grande",
        "Boqueron",
        "Cabanas",
        "Caibarien",
        "Cardenas",
        "Casilda",
        "Ceiba Hueca",
        "Cienfuegos",
        "Guantanamo",
        "Guayabal",
        "Havana",
        "Isabela",
        "Jucaro",
        "Manati",
        "Manzanillo",
        "Mariel",
        "Matanzas",
        "Media Luna",
        "Moa",
        "Nicaro",
        "Niquero",
        "Nueva Gerona",
        "Nuevitas",
        "Palo Alto",
        "Preston",
        "Puerto Padre",
        "Puerto Tarafa",
        "Punta Gorda",
        "Santa Cruz del Sur",
        "Santa Lucia",
        "Santiago",
        "Tanamo",
        "Tunas de Zaza",
        "Vita"
    ],
    "Curacao": [
        "Willemstad"
    ],
    "Cyprus": [
        "Famagusta",
        "Kalecik",
        "Karavostassi",
        "Kyrenia",
        "Larnaca",
        "Latchi",
        "Limassol",
        "Teknecik",
        "Vassiliko"
    ],
    "Czech Republic": [
        "Brno",
        "Prague",
        "Rudna"
    ],
    "Democratic Republic of the Congo": [
        "Banana",
        "Boma",
        "Matadi"
    ],
    "Denmark": [
        "Aabenraa",
        "Aalborg",
        "Aarhus",
        "Aeroskobing",
        "Allinge",
        "Asnaes",
        "Asnaesvaerkets Havn",
        "Bandholm",
        "Bogense",
        "Brabrand",
        "Brondby",
        "Copenhagen",
        "Dania",
        "Ebeltoft",
        "Elsinore",
        "Ensted",
        "Esbjerg",
        "Faaborg",
        "Fakse Ladeplads",
        "Fredericia",
        "Frederiksberg",
        "Frederikshavn",
        "Frederikssund",
        "Frederiksvark",
        "Gedser",
        "Graasten",
        "Grenaa",
        "Gulfhavn",
        "Haderslev",
        "Hadsund",
        "Hammerhavn",
        "Hanstholm",
        "Hasle",
        "Havdrup",
        "Hirtshals",
        "Hobro",
        "Holbaek",
        "Horsens",
        "Hvide Sande",
        "Kalundborg",
        "Kastrup",
        "Kerteminde",
        "Kobenhavn",
        "Koge",
        "Kolding",
        "Korsoer",
        "Kyndby",
        "Laesohavn",
        "Lemvig",
        "Mariager",
        "Marstal",
        "Masnedsund",
        "Middelfart",
        "Naestved",
        "Nakskov",
        "Nekso",
        "Nykobing",
        "Odense",
        "Orehoved",
        "Randers",
        "Ringkobing",
        "Rodbyhavn",
        "Ronne",
        "Rudkobing",
        "Sakskobing",
        "Samso Island",
        "Skaelskor",
        "Skaerbaek",
        "Skagen",
        "Skaw",
        "Skive",
        "Sonderborg",
        "Stigsnaesvaerkets Havn",
        "Stockholm",
        "Struer",
        "Stubbekobing",
        "Studstrup",
        "Svaneke",
        "Svendborg",
        "Tisted",
        "Tuborg Havn",
        "Vejle",
        "Vesterohavn",
        "Vordingborg"
    ],
    "Djibouti": [
        "Djibouti"
    ],
    "Dominica": [
        "Portsmouth",
        "Roseau"
    ],
    "Dominican Republic": [
        "AES Andres LNG Terminal",
        "Azua",
        "Barahona",
        "Boca Chica",
        "Cabo Rojo",
        "Caucedo",
        "La Romana",
        "Manzanillo",
        "Palenque",
        "Puerto Plata",
        "Puerto Viejo de Azua",
        "Rio Haina",
        "Samana",
        "San Pedro De Masan P",
        "Santo Domingo"
    ],
    "East Timor": [
        "Dili"
    ],
    "Ecuador": [
        "Bahia De Caraquez",
        "Esmeraldas",
        "Guayaquil",
        "La Libertad",
        "Manta",
        "Posorja",
        "Puerto Bolivar",
        "Salinas",
        "San Lorenzo"
    ],
    "Egypt": [
        "Abu Qir",
        "Abu Zenima",
        "Adabiya",
        "Ain Sukhna",
        "Alexandria",
        "Cairo",
        "Damietta",
        "El Dekheila",
        "El Iskandariya (Alexandria)",
        "El Meks",
        "Geisum Terminal",
        "Hamrawein",
        "Kosseir",
        "Maadiya Port",
        "Mersa el Hamra",
        "Nuweibah",
        "Port Said",
        "Ras Budran",
        "Ras Sudr",
        "Sidi Kerir Terminal",
        "Sokhna",
        "Suez Canal",
        "Za'farana Terminal",
        "Zeit Bay Terminal"
    ],
    "El Salvador": [
        "Acajutla",
        "Cutuco",
        "La Libertad"
    ],
    "Equatorial Guinea": [
        "Bata",
        "Benito",
        "Ceiba Marine Terminal",
        "Cogo",
        "Luba",
        "Malabo",
        "Puerto Iradier",
        "Punta Europa Terminal",
        "Zafiro Marine Terminal"
    ],
    "Eritrea": [
        "Assab",
        "Massawa"
    ],
    "Estonia": [
        "Heltermaa",
        "Kopli-Port Of Tallinn",
        "Kuivastu",
        "Kunda",
        "Muuga-Port Of Tallinn",
        "Paldiski-Port Of Tallinn",
        "Pyarnu",
        "Rohukula",
        "Roomassaare",
        "Tallinn",
        "Virtsu"
    ],
    "Falkland Islands": [
        "Stanley"
    ],
    "Faroe Islands": [
        "Fuglafjordur",
        "Klaksvik",
        "Kollafjordur",
        "Midvaag",
        "Runavik",
        "Skaala",
        "Soervaag",
        "Strendur",
        "Thorshavn",
        "Tvoroyri",
        "Vagur",
        "Vestmanna"
    ],
    "Fiji": [
        "Lambasa",
        "Lautoka",
        "Levuka",
        "Savu Savu",
        "Suva"
    ],
    "Finland": [
        "Degerby",
        "Ekenas",
        "Hamina",
        "Hanko",
        "Haukipudas",
        "Helsinki",
        "Imatra",
        "Inkoo",
        "Isnas",
        "Jakobstad",
        "Joensuu",
        "Joutseno",
        "Kaskinen",
        "Kaukas",
        "Kemi",
        "Kokkola",
        "Kotka",
        "Kouvola",
        "Koverhar",
        "Kristinestad",
        "Kumpusalmi",
        "Lapaluoto",
        "Loviisa",
        "Mantyluoto",
        "Mariehamn",
        "Merikarvia",
        "Mustola",
        "Naantali",
        "Oulu",
        "Oulu",
        "Pargas",
        "Pateniemi",
        "Pori",
        "Porvoo",
        "Puhos",
        "Raahe",
        "Rahja",
        "Rauma",
        "Reposaari",
        "Ristiina",
        "Savonlinna",
        "Siilinjarvi",
        "Tahkoluoto",
        "Tolkkinen-Tolkis",
        "Tornio",
        "Turku",
        "Uto",
        "Uusikaupunki",
        "Vaasa",
        "Varkaus Harbours",
        "Vaskiluoto",
        "Veitsiluoto",
        "Vuoksen Terminal",
        "Ykspihlaja"
    ],
    "France": [
        "Abbeville",
        "Ajaccio",
        "Arcachon",
        "Bassens",
        "Bayonne",
        "Belfort",
        "Bonifacio",
        "Bordeaux",
        "Boulogne Sur Mer",
        "Bourges",
        "Brest",
        "Caen",
        "Calais",
        "Calvi",
        "Camaret",
        "Cancale",
        "Cannes",
        "Commercy",
        "Concarneau",
        "Conflandey",
        "Deauville",
        "Donges",
        "Douvaine",
        "Dunkerque",
        "Fecamp",
        "Fismes",
        "Fos Sur Mer",
        "Gennevilliers",
        "Granville",
        "Gravelines",
        "Guimerville",
        "Ham",
        "Honfleur",
        "Izon",
        "Langres",
        "La Pallice",
        "La Rochelle-Pallice",
        "Lavera",
        "Le Chateau D'Oleron",
        "Le Guildo",
        "Le Havre",
        "Les Sables d'Olonne",
        "Le Treport",
        "Le Verdon",
        "Libourne",
        "L'Ile Rousse",
        "Liomer",
        "Loctudy",
        "Lyon",
        "Marans",
        "Marmande",
        "Marseille",
        "Mercurey",
        "Merpins",
        "Montoir De Bretagne",
        "Morlaix",
        "Morteau",
        "Mulhouse Nord",
        "Ouistreham",
        "Paimboeuf",
        "Paimpol",
        "Paris",
        "Persan",
        "Plailly",
        "Port De Bouc",
        "Port La Nouvelle",
        "Porto Vecchio",
        "Port Vendres",
        "Propriano",
        "Quiberon",
        "Roscoff-Bloscon",
        "Roubaix",
        "Rouen",
        "Saint-Brieuc",
        "Sete",
        "Strasbourg",
        "St Valery-en-Caux",
        "St Valery-sur-Somme",
        "Talence",
        "Toul",
        "Toulouse",
        "Treguier",
        "Ury",
        "Vannes",
        "Verberie",
        "Versailles",
        "Yenne"
    ],
    "French Guiana": [
        "Cayenne",
        "Degrad des Cannes",
        "Kourou",
        "St Laurent du Maroni"
    ],
    "French Polynesia": [
        "Bora-Bora",
        "Papeete"
    ],
    "Gabon": [
        "Cap Lopez",
        "Gamba",
        "Libreville",
        "Lucina Terminal",
        "Mayumba",
        "M'Bya Terminal",
        "Nyanga",
        "Oguendjo Terminal",
        "Owendo",
        "Port Gentil",
        "Tchatamba Marine Terminal"
    ],
    "Gambia": [
        "Banjul"
    ],
    "Georgia": [
        "Batumi",
        "Poti",
        "Sukhumi",
        "Supsa"
    ],
    "Germany": [
        "Berlin",
        "Bonn",
        "Bramel",
        "Braunschweig",
        "Bremen",
        "Bremerhaven",
        "BRUNSBUETTEL",
        "Brunsbuttel",
        "Busum",
        "Butzfleth",
        "Cologne",
        "Cuxhaven",
        "Dortmund",
        "Duisburg",
        "Dusseldorf",
        "Eckernforde",
        "Elsfleth",
        "Essen",
        "FRANKFURT AM MAIN",
        "Germersheim",
        "Gersheim",
        "Giessen",
        "Gluckstadt",
        "Hamburg",
        "Heidelberg",
        "Heiligenhafen",
        "Hollage",
        "Holtenau",
        "Husum",
        "Itzehoe",
        "Kappeln",
        "Karlsruhe",
        "Kehl",
        "Kiel",
        "Koblenz",
        "Koln",
        "Krefeld",
        "Laboe",
        "Leer",
        "Leipzig",
        "Lubeck",
        "Ludwigshafen Am Rhein",
        "Mainz",
        "Mannheim",
        "Monheim",
        "Nessmersiel",
        "Neuharlingersiel",
        "Neuhaus",
        "Neuss",
        "Neustadt/Holstein",
        "Nurnberg",
        "Oldenburg",
        "Oldersum",
        "Orth",
        "Papenburg",
        "Rastatt",
        "Regensburg",
        "Rendsburg",
        "Rostock",
        "Salzgitter",
        "Sassnitz",
        "Schleswig",
        "Schwarzenhutten",
        "Stade",
        "Stuhr",
        "Stuttgart",
        "Toenning",
        "Uckermunde",
        "Ulm",
        "Wilhelmshaven",
        "Winnenden"
    ],
    "Ghana": [
        "Accra",
        "Saltpond",
        "Sekondi",
        "Takoradi",
        "Tema"
    ],
    "Gibraltar": [
        "Gibraltar"
    ],
    "Greece": [
        "Achladi",
        "Agia Marina",
        "Agioi Theodoroi",
        "Aspra Spitia Ore Terminal",
        "Aspropirgos",
        "Athinai",
        "Attiki",
        "Ayia Marina",
        "Cephalonia",
        "Chalkida",
        "Chios",
        "Corfu",
        "Corinth",
        "Drepano",
        "Gythion",
        "Heraklion",
        "Igoumenitsa",
        "Isthmia",
        "Kalamaki",
        "Kalymnos",
        "Karlovassi",
        "Katakolon",
        "Kavonisi-Kissamos",
        "Kymassi",
        "Lavrion",
        "Marathoupolis",
        "Mesolongi",
        "Methoni",
        "Milos Island",
        "Mykonos Island",
        "Nauplia",
        "Navarino",
        "Pachi",
        "Paroikia",
        "Patmos",
        "Piraeus",
        "Poseidonia",
        "Preveza/Lefkas",
        "Pyli",
        "Pylos",
        "Rafina",
        "Rethimnon",
        "Rhodes",
        "Rio",
        "Seriphos Island",
        "Stratoni",
        "Stylis",
        "Syros Island",
        "Thessaloniki",
        "Vathi",
        "Volos",
        "Yali Island",
        "Yerakini",
        "Zante"
    ],
    "Greenland": [
        "Aasiaat",
        "Ammassalik",
        "Christianshaab",
        "Egedesminde",
        "Faeringehavn",
        "Frederikshaab",
        "Holsteinsborg",
        "Ilulissat",
        "Jakobshavn",
        "Julianehaab",
        "Kangilinnguit",
        "Maniitsoq",
        "Narssarssuaq",
        "North Star Bugt",
        "Paamiut",
        "Qaanaaq",
        "Qaqortoq",
        "Qasigiannguit",
        "Qeqertarsuaq",
        "Sisimiut",
        "Sukkertoppen",
        "Umanak",
        "Upernavik",
        "Upernivik"
    ],
    "Grenada": [
        "St. George",
        "St George's"
    ],
    "Guadeloupe": [
        "Basse Terre",
        "Gustavia",
        "Pointe-a-Pitre"
    ],
    "Guam": [
        "Apra Harbour",
        "Guam"
    ],
    "Guatemala": [
        "Champerico",
        "Guatemala City",
        "Puerto Barrios",
        "Puerto Quetzal",
        "San Jose",
        "Santo Tomas de Castilla",
        "Santo Tomas De Castilla",
        "Santo Tomas De Santo"
    ],
    "Guinea": [
        "Conakry",
        "Port Kamsar"
    ],
    "Guyana": [
        "Bartica",
        "Essequibo River",
        "Georgetown",
        "Kaituma",
        "Linden",
        "New Amsterdam"
    ],
    "Haiti": [
        "Aux Cayes",
        "Cap Haitien",
        "Fort Liberte",
        "Lafiteau",
        "Miragoane",
        "Port au Prince"
    ],
    "Honduras": [
        "Coxen Hole",
        "La Ceiba",
        "Puerto Castilla",
        "Puerto Cortes",
        "San Lorenzo",
        "San Pedro Sula",
        "Tela"
    ],
    "Hong Kong": [
        "Hong Kong"
    ],
    "Hungary": [
        "Budapest",
        "Papa"
    ],
    "Iceland": [
        "Akranes",
        "Akureyri",
        "Dalvik",
        "Djupivogur",
        "Faskrudsfjordur",
        "Grenivik",
        "Grindavik",
        "Grundarfjordur",
        "Grundartangi",
        "Hafnarfjordur",
        "Helguvik",
        "Hornafjordur",
        "Husavik",
        "Hvammstangi",
        "Isafjordur",
        "Keflavik",
        "Neskaupstadur",
        "Raufarhofn",
        "Reykjavik",
        "Seydisfjordur",
        "Siglufjord",
        "Skagastrond",
        "Stodhvarfjordur",
        "Straumsvik",
        "Vestmannaeyjar",
        "Vestmann Islandvestm",
        "Vopnafjordur"
    ],
    "India": [
        "Ahmedabad",
        "Albert Victor (Beherai)",
        "Alewadi",
        "Allepey",
        "Bangalore",
        "Bedi Bunder",
        "Belekeri",
        "Bhavnagar",
        "Bhusawal",
        "Bombay",
        "Calcutta",
        "Calicut",
        "Calingapatnam",
        "Chennai",
        "Cochin",
        "Colochel",
        "Cuddalore",
        "Dabhol",
        "Dadri",
        "Dahej",
        "Dholera",
        "Dighi",
        "Ennore",
        "Faridabad",
        "Goa",
        "Gopalpur",
        "Haldia",
        "Hazira",
        "Honavar",
        "Hyderabad",
        "Jafarabad",
        "Jaigad",
        "Jakhau",
        "Jawaharlal Nehru Port",
        "Kakinada",
        "Kandla",
        "Kanpur",
        "Kanyakumari Port",
        "Karwar",
        "Kattupalli",
        "Krishnapatnam",
        "Kundapur",
        "Ludhiana",
        "Madras",
        "Magdalla",
        "Mahe",
        "Malpe",
        "Mandvi",
        "Mangalore",
        "Marmagoa",
        "Moradabad",
        "Mulgund",
        "Mumbai",
        "Mundra",
        "Nagapattinam",
        "Navlakhi",
        "Neendakara",
        "New Delhi",
        "New Mangalore",
        "New Tuticorin",
        "Nhava Sheva",
        "Okha",
        "Panaji",
        "Paradip",
        "Pindhara",
        "Pipavav",
        "Pondicherry",
        "Porbandar",
        "Port Blair",
        "Ratnagiri",
        "Redi",
        "Sikka",
        "Tadri",
        "Trivandrum",
        "Tuticorin",
        "Vadinar Terminal",
        "Valinokkam",
        "Vengurla",
        "Veraval",
        "Visakhapatnam",
        "Vishakhapatnam"
    ],
    "Indonesia": [
        "Amamapare",
        "Ampenan, Bali",
        "Anoa Natuna",
        "Anyer Terminal",
        "Balikpapan",
        "Balongan",
        "Bandung, Java",
        "Banjarmasin",
        "Banten",
        "Banyuwangi",
        "Banyuwangi - Meneng",
        "Batu Ampar",
        "Bau-Bau",
        "Bekapai Terminal",
        "Belawan",
        "Belida Marine Terminal",
        "Bengkulu, Sumatra",
        "Benoa",
        "Benteng",
        "Biak, Irian Jaya",
        "Bima, Sb",
        "Bintuni",
        "Biringkasi",
        "Bitung",
        "Blang Lancang",
        "Bojonegara",
        "Bontang, Kl",
        "Buatan",
        "Bula",
        "Bunyu",
        "Celukan Bawang",
        "Cengkareng",
        "Cigading",
        "Cirebon, Java",
        "Ciwandan",
        "Dabo, Singkep",
        "Dumai, Sumatra",
        "Ende",
        "Gebe Island",
        "Gilimanuk",
        "Gorontalo, Sulawesi",
        "Gresik, Java",
        "Gunung Sitoli, St",
        "Hagu",
        "Jakarta",
        "Jambi",
        "Jambi, Sumatra",
        "Jayapura, Irian Jaya",
        "Kabil",
        "Kaimana",
        "Kakap Natuna Marine Terminal",
        "Kasim Marine Terminal",
        "Kempo",
        "Kendari, Sulawesi",
        "Kidjang, Bintan",
        "Kijang",
        "Kota Baru",
        "Krueng Geukueh",
        "Kuala Beukah",
        "Kuala Enok",
        "Kuala Kapuas, Kl",
        "Kuala Langsa",
        "Kuala Tanjung",
        "Kumai",
        "Labuan Amuk Terminal",
        "Lalang Marine Terminal",
        "Larantuka",
        "Lawi-Lawi Terminal",
        "Lhoknga",
        "Lhokseumawe",
        "Lhoksumawe, Sumatra",
        "Macassar",
        "Madura",
        "Mahakam River",
        "Majene",
        "Malahayati",
        "Malili",
        "Manggar",
        "Manokwari",
        "Maumere",
        "Medan",
        "Medan, Sumatra",
        "Merak, Java",
        "Merauke, Irian Jaya",
        "Meulaboh, Sumatra",
        "Muntok, Banka",
        "Namlea",
        "North Pulau Laut Coal Terminal",
        "Nunukan",
        "Padang",
        "Padang (Teluk Bajur), Sumatra",
        "Palapo, Sulawesi",
        "Palembang",
        "Palembang, Sumatra",
        "Pamekasan",
        "Panarukan, Java",
        "Pangkalan Susu, Sumatra",
        "Pangkal Balam, Banka",
        "Panjang",
        "Pantoloan",
        "Pekanbaru",
        "Pemangkat",
        "Penuba",
        "Perawang",
        "Pomala, Sulawesi",
        "Pontianak, Kalimantan",
        "Poso, Sulawesi",
        "Probolinggo",
        "Prointal",
        "Pulang Pisau",
        "Pulau Baai",
        "Pulau Batam",
        "Ramba",
        "Rengat",
        "Sabang, Sumatra",
        "Samarinda, Kalimantan",
        "Sambas",
        "Sampit, Kalimantan",
        "Sangatta",
        "Santan Terminal, Kl",
        "Sekupang",
        "Selat Pandjang, Sumatra",
        "Semangka Bay",
        "Semarang, Java",
        "Senipah Terminal",
        "Sibolga, Sumatra",
        "Singkawang",
        "Sintete",
        "Sunda Kelapa",
        "Sungai Guntung, Sumatra",
        "Sungai Pakning",
        "Surabaya",
        "Susoh",
        "Tahuna",
        "Tanah Merah",
        "Tandjung Uban",
        "Tanjung Balai Asahan",
        "Tanjung Balai Karimun",
        "Tanjung Bara Coal Terminal",
        "Tanjung Gerem",
        "Tanjung Intan",
        "Tanjung Pandan",
        "Tanjung Pinang, Riau",
        "Tanjung Priok",
        "Tanjung Sekong",
        "Tapaktuan, Sumatra",
        "Tegal",
        "Tembilahan",
        "Ternate, Halmahera",
        "Tjilatjap, Java",
        "Toboali",
        "Tuban",
        "Tubang",
        "Udang Natuna",
        "Ujung Pandang, Sulawesi",
        "Uleelheue",
        "Waingapu",
        "Waisarissa",
        "Wamsasi"
    ],
    "Iran": [
        "Bandar Abbas",
        "Bandar Anzali",
        "Bandar Khomeini",
        "Bandar Mahshahr",
        "Bandar Noshahr",
        "Bandar Taheri",
        "Bushehr",
        "Chabahar",
        "Cyrus Terminal",
        "Khorramshahr",
        "Kish Island",
        "Lavan Island",
        "Ras Bahrgan"
    ],
    "Iraq": [
        "Fao",
        "Khor Al Zubair",
        "Umm Qasr"
    ],
    "Ireland": [
        "Arklow",
        "Balbriggan",
        "Ballina",
        "Baltimore",
        "Bantry",
        "Belfast",
        "Burtonport",
        "Cahirciveen",
        "Cahirsiveen",
        "Carlingford",
        "Castletown Bere",
        "Clarecastle",
        "Clonakilty",
        "Cobh",
        "Cork",
        "Drogheda",
        "Dublin",
        "Duncannon",
        "Dundalk",
        "Dungarvan",
        "Dun Laoghaire",
        "Dunmore East",
        "Fenit",
        "Foynes",
        "Galway",
        "Greenore",
        "Howth",
        "Killala",
        "Killybegs",
        "Kilrush",
        "Kinsale",
        "Limerick",
        "Moville",
        "New Ross",
        "Rathmullen",
        "Rosslare",
        "Shannon Foynes Port",
        "Sligo",
        "Waterford",
        "Westport",
        "Wicklow",
        "Youghal"
    ],
    "Isle of Man": [
        "Castletown",
        "Peel",
        "Ramsey"
    ],
    "Israel": [
        "Ashdod",
        "Ashkelon",
        "Hadera",
        "Haifa",
        "Jaffa",
        "Tel-Aviv"
    ],
    "Italy": [
        "Acitrezza",
        "Acquaviva Picena",
        "Alghero",
        "Ancona",
        "Anzio",
        "Augusta",
        "Avola",
        "Bagnoli",
        "Baia",
        "Bari",
        "Barletta",
        "Bologna",
        "Brucoli",
        "Cagliari",
        "Carloforte",
        "Castellammare di Stabia",
        "Catania",
        "Chioggia",
        "Ciro Marina",
        "Civitavecchia",
        "Croce",
        "Crotone",
        "Enna",
        "Faenza",
        "Fiumicino",
        "Follonica",
        "Formia",
        "Gaeta",
        "Gallipoli",
        "Genova",
        "Giardini",
        "Gioia Tauro",
        "Golfo Aranci",
        "Imperia",
        "Isola delle Femmine",
        "Lampedusa",
        "La Spezia",
        "Licata",
        "Lipari",
        "Livorno",
        "Manfredonia",
        "Mantova",
        "Maranello",
        "Marina di Carrara",
        "Marsala",
        "Marzamemi",
        "Mazara del Vallo",
        "Melilli Oil Terminal",
        "Messina",
        "Milano",
        "Modena",
        "Molfetta",
        "Moncalieri",
        "Napoli",
        "Olbia",
        "Orta Nova",
        "Ortona",
        "Palau",
        "Palermo",
        "Pantelleria",
        "Patti",
        "Pesaro",
        "Pescara",
        "Piombino",
        "Portici",
        "Porto Azzurro",
        "Porto Cervo",
        "Porto di Vibo Valentia Marina",
        "Porto Empedocle",
        "Portoferraio",
        "Portofino",
        "Porto Marghera",
        "Porto Nogaro",
        "Porto Santo Stefano",
        "Porto Torres",
        "Porto Vesme",
        "Pozzallo",
        "Pozzuoli",
        "Priolo",
        "Quiliano Terminal",
        "Ravenna",
        "Reggio Calabria",
        "Rio Marina",
        "Salerno",
        "San Benedetto del Tronto",
        "San Remo",
        "Sant' Antioco",
        "Savona",
        "Siracusa",
        "Talamone",
        "Taranto",
        "Termini Imerese",
        "Torre Annunziata",
        "Torre del Greco",
        "Trapani",
        "Trieste",
        "Vada",
        "Vado/Bologna",
        "Vado Ligure",
        "Vasto",
        "Venice",
        "Ventimiglia"
    ],
    "Ivory Coast": [
        "Abidjan",
        "CIABJ",
        "Espoir Terminal",
        "Fresco",
        "San Pedro"
    ],
    "Jamaica": [
        "Black River",
        "Kingston",
        "Lucea",
        "Montego Bay",
        "Ocho Rios",
        "Port Antonio",
        "Port Esquivel",
        "Port Kaiser",
        "Port Rhoades",
        "Port Royal",
        "Rio Bueno",
        "Rocky Point",
        "Salt River",
        "Savanna La Mar"
    ],
    "Japan": [
        "Abashiri",
        "Aboshi",
        "Aburatsu",
        "Ainoura",
        "Aioi",
        "Akita",
        "Amagasaki",
        "Aokata",
        "Atsumi",
        "Chiba",
        "Ena",
        "Etajima",
        "Fukui",
        "Fukuyama",
        "Funabashi",
        "Furukawa",
        "Gamagori",
        "Hachinohe",
        "Hakata",
        "Hakodate",
        "Hakui",
        "Hamanda",
        "Hannan (Kishiwada)",
        "Hateruma",
        "Hibi",
        "Hibikinada",
        "Higashiharima",
        "Hikari",
        "Hiki",
        "Himeji",
        "Himekawa",
        "Hirao",
        "Hirara",
        "Hirohata",
        "Hiroshima",
        "Hitachi",
        "Hitachinaka",
        "Hofu",
        "Hosojima",
        "Imabari",
        "Imari",
        "Innoshima",
        "Ishigaki",
        "Ishikari",
        "Ishikariwan Shinko",
        "Ishinomaki",
        "Itozaki",
        "Iwakuni",
        "Iyomishima",
        "Kagoshima",
        "Kainan",
        "Kakogawa",
        "Kamaishi",
        "Kanazawa",
        "Kanda",
        "Kanmon",
        "Kanmon Ko",
        "Karatsu",
        "Kasaoka",
        "Kashima",
        "Kashiwazaki",
        "Kawasaki",
        "Keihin",
        "Kesennuma",
        "Kiire",
        "Kikuma",
        "Kinuura",
        "Kinwan",
        "Kisarazu",
        "Kitakyushu",
        "Kitakyushu-Kokura",
        "Kitakyushu-Yawata",
        "Kobe",
        "Kochi",
        "Komatsujima",
        "Kudamatsu",
        "Kumamoto",
        "Kushiro",
        "Maizuru",
        "Marugame",
        "Mategata",
        "Matsunaga",
        "Matsushima",
        "Matsuyama",
        "Minamata",
        "Mishima-Kawanoe",
        "Misumi",
        "Mitajiri",
        "Mitsukoshima",
        "Miyako",
        "Mizushima",
        "Moji",
        "Monbetsu",
        "Mukaishima",
        "Muroran",
        "Nagasaki",
        "Nagoya",
        "Naha",
        "Nakanoseki",
        "Namikata",
        "Nanao",
        "Nanko",
        "Naoetsu",
        "Naze",
        "Niigata",
        "Niigata Higashi",
        "Niigata-Nishi",
        "Niihama",
        "Noshiro",
        "Numazu",
        "Oita",
        "Okinawa",
        "Omaezaki",
        "Omishima",
        "Onahama",
        "Onoda",
        "Onomichi",
        "Osaka",
        "Otaru",
        "Owase",
        "Reihoku",
        "Rumoi",
        "Saganoseki",
        "Saiki",
        "Sakai",
        "Sakaiminato",
        "Sakaisenboku",
        "Sakata",
        "Sakito",
        "Satsumasendai",
        "Senboku",
        "Sendai",
        "Shibushi",
        "Shikama",
        "Shimizu",
        "Shimonoseki",
        "Shimotsu",
        "Shingu",
        "Shiogama",
        "Shirashima",
        "Soma",
        "Suzaki",
        "Tachibana",
        "Tagonoura",
        "Takahara",
        "Takamatsu",
        "Takasu",
        "Takehara",
        "Takuma",
        "Tanabe",
        "Taniyama",
        "Tobata",
        "Tokachi",
        "Tokushima",
        "Tokuyama",
        "Tokyo",
        "Tomakomai",
        "Tomioka",
        "Tonda",
        "Toyama",
        "Toyohashi",
        "Tsukumi",
        "Tsuruga",
        "Ube",
        "Uchiura",
        "Uno",
        "Uwajima",
        "Wada",
        "Wakayama",
        "Wakkanai",
        "Yanai",
        "Yatsushiro",
        "Yawata",
        "Yawatahama",
        "Yokkaichi",
        "Yokohama",
        "Yokosuka",
        "Yura"
    ],
    "Jordan": [
        "Aqaba"
    ],
    "Kazakhstan": [
        "Aktau",
        "Almaty",
        "Atyrau"
    ],
    "Kenya": [
        "Lamu",
        "Malindi",
        "Mombasa",
        "Nairobi"
    ],
    "Kiribati": [
        "Banaba",
        "Betio",
        "English Harbour",
        "Tarawa Island",
        "Teraina Harbour"
    ],
    "Kuwait": [
        "Doha",
        "Khor al Muffatta",
        "Kuwait",
        "Mena Al Ahmadi",
        "Mina Al Ahmadi",
        "Shuaiba",
        "Shuwaikh"
    ],
    "Kyrgyzstan": [
        "Osh"
    ],
    "Latvia": [
        "Baltic Container Terminal",
        "Engure",
        "Lielupe",
        "Liepaja",
        "Mersrags",
        "Pavilosta",
        "Riga",
        "Roja",
        "Salacgriva",
        "Skulte",
        "Ventspils"
    ],
    "Lebanon": [
        "Beirut",
        "Chekka",
        "Jounieh",
        "Selaata",
        "Sidon",
        "Tripoli",
        "Tyr",
        "Zahrani Terminal"
    ],
    "Liberia": [
        "Buchanan",
        "Cape Palmas",
        "Greenville",
        "Marshall",
        "Monrovia",
        "River Cess"
    ],
    "Libya": [
        "Abu Kammash",
        "Az Zawiyah",
        "Benghazi",
        "Derna",
        "Es Sider",
        "Khoms",
        "Marsa al Hariga",
        "Marsa El Brega",
        "Misurata",
        "Qasr Ahmed",
        "Rasco Harbour",
        "Ras el Hilal",
        "Ras Lanuf",
        "Tobruk",
        "Tripoli",
        "Zawia Terminal",
        "Zuara",
        "Zuetina"
    ],
    "Lithuania": [
        "Butinge Marine Terminal",
        "Kaunas",
        "Klaipeda",
        "Vilnius"
    ],
    "Macao": [
        "Macao"
    ],
    "Macedonia": [
        "Skopje"
    ],
    "Madagascar": [
        "Andoany",
        "Antalaha",
        "Antsiranana",
        "Majunga",
        "Manakara",
        "Mananjary",
        "Morondava",
        "Nosy Be",
        "Port Saint Louis",
        "Suarez",
        "Toamasina",
        "Tolagnaro",
        "Toleary"
    ],
    "Malawi": [
        "Blantyre"
    ],
    "Malaysia": [
        "Bakapit",
        "Bintangor",
        "Bintulu, Sarawak",
        "Butterworth",
        "Dulang Marine Terminal",
        "Dungun (Kuala Dungun)",
        "Georgetown",
        "Johor",
        "Johore Bahru",
        "Kemaman",
        "Kerteh",
        "Klang, Northport",
        "Klang, Westports",
        "Kota Kinabalu",
        "Kuah",
        "Kuantan",
        "Kuantan (Tanjong Gelang)",
        "Kuching",
        "Kudat",
        "Kunak",
        "Labuan",
        "Labuan, Sabah",
        "Lahad Datu, Sabah",
        "Limbang, Sarawak",
        "Lingga, Sarawak",
        "Lumut",
        "Lundu",
        "Miri",
        "Miri, Sarawak",
        "Muar",
        "Pasir Gudang",
        "Penang",
        "Port Dickson",
        "Port Kelang",
        "Pulau Tioman",
        "Sandakan, Sabah",
        "Sapangar Bay Oil Terminal",
        "Sarikei",
        "Semporna, Sabah",
        "Sibu, Sarawak",
        "Sipitang",
        "Sipitang, Sabah",
        "Sungai Udang",
        "Tanjung Manis",
        "Tanjung Pelepas",
        "Tawau",
        "Telok Anson",
        "Telok Ramunia",
        "Teluk Ewa"
    ],
    "Maldives": [
        "Male"
    ],
    "Mali": [
        "Tombouctou"
    ],
    "Malta": [
        "Malta",
        "Marsaxlokk",
        "Valletta"
    ],
    "Marshall Islands": [
        "Kwajalein",
        "Majuro"
    ],
    "Martinique": [
        "Fort De France",
        "La Trinite",
        "Marin"
    ],
    "Mauritania": [
        "Nouadhibou",
        "Nouakchott"
    ],
    "Mauritius": [
        "Port Louis"
    ],
    "Mayotte": [
        "LONGONI"
    ],
    "Mexico": [
        "Acapulco",
        "Aguascalientes",
        "Altamira",
        "Alvarado",
        "Cabo San Lucas",
        "Campeche",
        "Cayo Arcas",
        "Ciudad del Carmen",
        "Coatzacoalcos",
        "Cozumel",
        "Dos Bocas",
        "Ensenada",
        "Frontera",
        "Guadalajara",
        "Guaymas",
        "La Paz",
        "Lazaro Cardenas",
        "Manzanillo",
        "Mazatlan",
        "Minatitlan",
        "Monterrey",
        "Morro Redondo",
        "Nanchital",
        "Nautla",
        "Pichilingue",
        "Progreso",
        "Puerto Escondido",
        "Puerto Madero",
        "Puerto Morelos",
        "Puerto Progreso",
        "Puerto Vallarta",
        "Rosarito Terminal",
        "Salina Cruz",
        "San Carlos",
        "San Juan de la Costa",
        "San Marcos",
        "Santa Maria",
        "Santa Rosalia",
        "Tampico",
        "Toluca",
        "Topolobampo",
        "Tuxpan",
        "Veracruz",
        "Yukalpeten"
    ],
    "Micronesia": [
        "Chuuk",
        "Pohnpei",
        "Yap"
    ],
    "Moldova": [
        "Giurgiulesti",
        "Tiraspol"
    ],
    "Monaco": [
        "Monaco"
    ],
    "Montenegro": [
        "BAR"
    ],
    "Montserrat": [
        "Little Bay Ferry Terminal",
        "Plymouth"
    ],
    "Morocco": [
        "Agadir",
        "Al Hoceima",
        "Assila",
        "Boujdour",
        "Casablanca",
        "Dakhla",
        "El Jadida",
        "Essaouira",
        "Jorf Lasfar",
        "Kenitra",
        "Laayoune",
        "Larache",
        "Mohammedia",
        "Nador",
        "Port Nador",
        "Safi",
        "Tanger Med",
        "Tangier",
        "Tan Tan"
    ],
    "Mozambique": [
        "Beira",
        "Chinde",
        "Inhambane",
        "Macuse",
        "Maputo",
        "Matola",
        "Mozambique",
        "Nacala",
        "Pebane",
        "Pemba",
        "Quelimane"
    ],
    "Myanmar": [
        "Bassein",
        "Moulmein",
        "Sittwe",
        "Thilawa",
        "Yangon"
    ],
    "Namibia": [
        "Luderitz",
        "Walvis Bay"
    ],
    "Nauru": [
        "Nauru",
        "Yaren"
    ],
    "Netherlands": [
        "Alkmaar",
        "Amsterdam",
        "Born",
        "Breskens",
        "Brouwershaven",
        "Den Helder",
        "Dordrecht",
        "Eemshaven",
        "Europoort",
        "Flushing",
        "Groningen",
        "Groot-Ammers",
        "Hansweert",
        "Harlingen",
        "Hellevoetsluis",
        "Hengelo",
        "Hook of Holland",
        "Ijmuiden",
        "Middelburg",
        "Moerdijk",
        "Nijmegen",
        "Rotterdam",
        "Rozenburg",
        "Scheveningen",
        "Schiedam",
        "Sluiskil",
        "Son",
        "Texel",
        "Vlaardingen",
        "Vlissingen",
        "Willemstad",
        "Zaanstad",
        "Zierikzee",
        "Zwolle"
    ],
    "Netherlands Antilles": [
        "Bonoil",
        "Bopec Terminal",
        "Bullen Bay",
        "Caracas Bay",
        "Fuik Bay",
        "Kralendijk",
        "Philipsburg",
        "Salina",
        "St. Eustatius",
        "St Michiel's Bay",
        "Willemstad"
    ],
    "New Caledonia": [
        "Babouillat",
        "Kouaoua",
        "Nepoui",
        "Noumea",
        "Poro",
        "Thio"
    ],
    "New Zealand": [
        "Akaroa",
        "Auckland",
        "Blenheim",
        "Bluff",
        "Christchurch",
        "Dunedin",
        "Gisborne",
        "Greymouth",
        "Hamilton",
        "Hawera",
        "Huntly",
        "Invercargill",
        "Levin",
        "Lyttelton",
        "Marsden Point",
        "Mount Maunganui",
        "Napier",
        "Nelson",
        "New Plymouth",
        "Oamaru",
        "Onehunga",
        "Opua",
        "Otago Harbour",
        "Palmerston",
        "Picton",
        "Port Chalmers",
        "Rotorua",
        "Taharoa Terminal",
        "Tarakohe",
        "Tauranga",
        "Timaru",
        "Wanganui",
        "Wellington",
        "Westport",
        "Whakaaropai Terminal",
        "Whangarei"
    ],
    "Nicaragua": [
        "Bluefields",
        "Corinto",
        "El Bluff",
        "Puerto Cabezas",
        "Puerto Sandino Puert",
        "San Juan del Sur"
    ],
    "Nigeria": [
        "Antan Terminal",
        "Apapa",
        "Bonny",
        "Bonny Offshore Terminal",
        "Brass Terminal",
        "Burutu",
        "Calabar",
        "Escravos",
        "Forcados",
        "Koko",
        "Lagos",
        "Odudu Terminal",
        "Okono Terminal",
        "Okrika",
        "Onne",
        "Pennington Termpenni",
        "Port Harcourt",
        "Qua Iboe",
        "Sapele",
        "Tincan",
        "Ukpokiti Marine Terminal",
        "Warri",
        "Yoho Terminal"
    ],
    "Niue": [
        "Alofi"
    ],
    "Norfolk Island": [
        "Kingston"
    ],
    "Northern Mariana Islands": [
        "Saipan"
    ],
    "North Korea": [
        "Chongjin",
        "Haeju",
        "Hungnam",
        "Najin",
        "Nampo",
        "Songjin",
        "Wonsan"
    ],
    "Norway": [
        "Aaheim",
        "Aalesund",
        "Aardalstangen",
        "Agnefest",
        "Agotnes",
        "Akrehamn",
        "Alvik",
        "Arendal",
        "Austevoll",
        "Batsfjord",
        "Bergen",
        "Bodo",
        "Borg Havn IKS",
        "Brevik",
        "Bronnoysund",
        "Drammen",
        "Egersund",
        "Eikefet",
        "Fagerstrand",
        "Farsund",
        "Fiborgtangen",
        "Flekkefjord",
        "Floroe",
        "Fredrikstad",
        "Fusa",
        "Glomfjord",
        "Grenland Harbour",
        "Grimstad",
        "Haavik",
        "Halden",
        "Hammerfest",
        "Hareid",
        "Harstad",
        "Haugesund",
        "Heroya",
        "Holmestrand",
        "Honningsvag",
        "Horten",
        "Hoyanger",
        "Husnes",
        "Kaarsto",
        "Kirkenes",
        "Kopervik",
        "Kragero",
        "Kristiansand S.Chris",
        "Kristiansund N.Chris",
        "Langesund",
        "Larvik",
        "Leirvik",
        "Lillesand",
        "Lodingen",
        "Maaloy",
        "Malm",
        "Mandal",
        "Menstad",
        "Mo I Rana",
        "Molde",
        "Mongstad",
        "Mosjoen",
        "Moss",
        "Naersnes",
        "Namsos",
        "Narvik",
        "Odda",
        "Orkanger",
        "Oslo",
        "Porsgrunn",
        "Risavika",
        "Risor",
        "Sandefjord",
        "Sandnes",
        "Sarpsborg",
        "Sauda",
        "Skien",
        "Skudeneshavn",
        "Slagen",
        "Stavanger",
        "Steinkjer",
        "Sture",
        "Sunndalsora",
        "Svelgen",
        "Svelvik",
        "Svolvaer",
        "Tananger",
        "Tau",
        "Thamshamn",
        "Tjeldbergodden",
        "Tofte",
        "Tonsberg",
        "Tromso",
        "Trondheim",
        "Tvedestrand",
        "Vadso",
        "Vaksdal",
        "Vardo",
        "Volda"
    ],
    "Oman": [
        "Khasab",
        "Mina Qaboos",
        "Muscat",
        "Qalhat",
        "Salalah",
        "Sohar"
    ],
    "Pakistan": [
        "Faisalabad",
        "Gwadar",
        "Islamabad",
        "Karachi",
        "Keti Bandar",
        "Lahore",
        "Port Qasim",
        "Sialkot"
    ],
    "Panama": [
        "Aguadulce",
        "Almirante",
        "Bahia Las Minas",
        "Balboa",
        "Bocas del Toro",
        "Charco Azul",
        "Chiriqui Grande",
        "Colon",
        "Cristobal",
        "La Palma",
        "Manzanillo",
        "Mutis",
        "Panama",
        "Panama Canal",
        "Pedregal",
        "Puerto Armuelles",
        "Rodman",
        "Taboga Island",
        "Taboguilla Island",
        "Vacamonte"
    ],
    "Papua New Guinea": [
        "Aitape",
        "Alotau",
        "Anewa Bay",
        "Bialla",
        "Buka",
        "Daru",
        "Kavieng",
        "Kieta",
        "Kimbe",
        "Kumul Marine Terminal",
        "Lae",
        "Lorengau",
        "Madang",
        "Oro Bay",
        "Port Moresby",
        "Rabaul",
        "Samarai",
        "Vanimo",
        "Wewak"
    ],
    "Paraguay": [
        "Asuncion"
    ],
    "Peru": [
        "Ancon",
        "Atico",
        "Bayovar",
        "Cabo Blanco",
        "Callao",
        "Cerro Azul",
        "Chancay",
        "Chimbote",
        "Coishco",
        "Conchan",
        "Eten",
        "General San Martin",
        "Huacho",
        "Ilo",
        "Iquitos",
        "La Pampilla",
        "Lima",
        "Lobitos",
        "Matarani",
        "Pacasmayo",
        "Paita",
        "Paramonga",
        "Pimentel",
        "Puerto Chicama",
        "Salaverry",
        "Samanco",
        "San Juan",
        "San Nicolas",
        "Supe",
        "Talara",
        "Tierra Colorada"
    ],
    "Philippines": [
        "Amunitan/Aparri",
        "Aparri, Luzon",
        "Atimonan",
        "Bacolod",
        "Bacolod, Negros",
        "Basco",
        "Basilan City, Basilan",
        "Bataan, Mariveles",
        "Batangas, Luzon",
        "Bislig, Mindanao",
        "Bugo",
        "Cadiz",
        "Cagayan De Oro",
        "Cagayan De Oro, Mindanao",
        "Calaca",
        "Cebu City",
        "Claveria",
        "Currimao",
        "Davao",
        "Davao, Mindanao",
        "Dumaguete",
        "General Santos",
        "Gingoog",
        "Hondagua/Siain",
        "Iligan, Mindanao",
        "Iloilo",
        "Isabel",
        "Jolo",
        "Jordan",
        "Jose Panganiban",
        "Laoag, Luzon",
        "Limay/Bataan",
        "Manila",
        "Manila North Harbour",
        "Manila South Harbor",
        "Mariveles, Luzon",
        "Masao",
        "Masinloc",
        "Nasipit Port",
        "Olongapo",
        "Ozamis, Mindanao",
        "Pagbilao",
        "Polloc",
        "Poro/San Fernando",
        "Port Irene",
        "Puerto Princesa, Palawan",
        "Pulupandan",
        "Quezon",
        "Rio Tuba",
        "San Carlos",
        "San Fernando, Luzon",
        "Sangi/Cebu",
        "Santa Maria",
        "Suba-Nipa",
        "Subic Bay",
        "Surigao, Mindanao",
        "Tabaco/Legaspi",
        "Tacloban",
        "Tagaloan",
        "Tagbilaran",
        "Tagoloan",
        "Tanauan",
        "Tandoc",
        "Villanueva",
        "Zamboanga"
    ],
    "Poland": [
        "Darlowo",
        "Elblag",
        "Gdansk",
        "Gdynia",
        "Hel",
        "Kolobrzeg",
        "Police",
        "Poznan",
        "Swinoujscie",
        "Szczecin",
        "Ustka",
        "Warszawa",
        "Wladyslawowo"
    ],
    "Portugal": [
        "Angra do Heroismo",
        "Aveiro",
        "Barcelos",
        "Figueira Da Foz",
        "Funchal, Madeira",
        "Lagos",
        "Leixoes",
        "Lisboa",
        "Portalegre",
        "Portimao",
        "Porto",
        "Porto da Povoa de Varzim",
        "Porto de Vila do Conde",
        "Porto Santo",
        "Praia da Vitoria",
        "Setubal",
        "Sevilla",
        "Sines",
        "Viana do Castelo",
        "Vila Real",
        "Vila Real de Santo Antonio"
    ],
    "Puerto Rico": [
        "Aguadilla",
        "Arecibo",
        "Fajardo",
        "Guanica",
        "Guayanilla",
        "Jobos Bay",
        "Las Mareas",
        "Mayaguez",
        "Ponce",
        "San Juan",
        "Yabucoa"
    ],
    "Qatar": [
        "Al Rayyan Marine Terminal",
        "Doha",
        "Hamad",
        "Mesaieed",
        "Ras Laffan",
        "Umm Said"
    ],
    "Republic of the Congo": [
        "Djeno",
        "N'Kossa Terminal",
        "Pointe Noire",
        "Yombo"
    ],
    "Reunion": [
        "Le Port",
        "Pointe des Galets",
        "Reunion"
    ],
    "Romania": [
        "Basarabi",
        "Braila",
        "Bucharest",
        "Calafat",
        "Calarasi",
        "Cernavoda",
        "Chilia",
        "Constanta",
        "Danube - Black Sea Canal",
        "Danube River",
        "Drencova",
        "Drobeta Turnu Severin",
        "Giurgiu",
        "Harsova",
        "Isaccea",
        "Macin",
        "Mahmudia",
        "Mangalia",
        "Medgidia",
        "Midia Navodari",
        "Moldova Noua",
        "Oltenitza",
        "Orsova",
        "Sulina",
        "Tulcea",
        "Turcoaia",
        "Turnu Magurele",
        "Zimnicea"
    ],
    "Russia": [
        "Alexandrovsk",
        "Amderma",
        "Anadyr",
        "Anapa",
        "Archangel",
        "Arkhangelsk",
        "Astrakhan",
        "Azov",
        "Baltyisk",
        "Beringovsky",
        "BRONKA",
        "De Kastri",
        "Dikson",
        "Dudinka",
        "Egvekinot",
        "Ekonomiya",
        "Hatanga",
        "Igarka",
        "Kaliningrad",
        "Kandalaksha",
        "Kholmsk",
        "Korsakov",
        "Krasnogorsk",
        "Kronshtadt",
        "Lazarev",
        "Lomonosov",
        "Magadan",
        "Mago",
        "Makhachkala",
        "Mezen",
        "Murmansk",
        "Nakhodka",
        "Naryan-Mar",
        "Nevelsk",
        "Nikolaevsk on Amur",
        "Nogliki",
        "Novorossiysk",
        "Onega",
        "Petropavlovsk-Kamchatsky",
        "Pevek",
        "Poronaysk",
        "Posyet",
        "Primorsk",
        "Providenija",
        "Rostov-on-Don",
        "Saint Petersburg",
        "Sochi",
        "Taganrog",
        "Temryuk",
        "Tiksi",
        "Tuapse",
        "Uglegorsk",
        "Ust Kamchatsk",
        "Ust-Luga",
        "Vanino",
        "Viborg",
        "Vladivostok",
        "Vostochny",
        "Vyborg",
        "Vysotsk",
        "Yeysk",
        "Zarubino"
    ],
    "Saint Barthelemy": [
        "Gustavia"
    ],
    "Saint Helena": [
        "Georgetown",
        "Jamestown"
    ],
    "Saint Kitts and Nevis": [
        "Basseterre",
        "Charlestown"
    ],
    "Saint Lucia": [
        "Castries",
        "Cul De Sac",
        "Port Castries",
        "Vieux Fort"
    ],
    "Saint Pierre and Miquelon": [
        "Miquelon",
        "St. Pierre"
    ],
    "Saint Vincent and the Grenadines": [
        "Campden Park",
        "Georgetown",
        "Kingstown",
        "Kingstown, St Vincent"
    ],
    "Samoa": [
        "Apia"
    ],
    "Sao Tome and Principe": [
        "Santo Antonio",
        "Sao Tome"
    ],
    "Saudi Arabia": [
        "Dammam",
        "Dhuba",
        "Dhuba Bulk Plant Terminal",
        "Gizan",
        "Jeddah",
        "Jubail",
        "King Abdullah Port",
        "Neom",
        "Qadhimah",
        "Rabigh",
        "Ras al Ghar",
        "Ras al Mishab",
        "Ras Tanura",
        "Riyadh"
    ],
    "Senegal": [
        "Dakar",
        "Kaolack",
        "Lyndiane",
        "M'Bao Oil Terminal",
        "Ziguinchor"
    ],
    "Serbia": [
        "Bar",
        "Kotor",
        "Novi Sad",
        "Risan",
        "Zelenika"
    ],
    "Seychelles": [
        "Port Victoria",
        "\u041c\u0430h\u0435"
    ],
    "Sierra Leone": [
        "Freetown",
        "Pepel",
        "Sherbro Island"
    ],
    "Singapore": [
        "Jurong",
        "Singapore"
    ],
    "Sint Maarten": [
        "Philipsburg"
    ],
    "Slovakia": [
        "Bratislava"
    ],
    "Slovenia": [
        "Izola",
        "Koper",
        "Piran"
    ],
    "Solomon Islands": [
        "Aola Bay",
        "Gizo",
        "Honiara",
        "Malloco Bay",
        "Noro",
        "Pakera Point",
        "Ringi Cove",
        "Shortland Harbour",
        "Tulagi",
        "Viru Harbour",
        "Yandina"
    ],
    "Somali": [
        "Berbera",
        "Dante",
        "Mogadiscio"
    ],
    "Somaliland": [
        "Kismayu",
        "Merca",
        "Mogadishu"
    ],
    "South Africa": [
        "Cape Town",
        "Coega",
        "Durban",
        "East London",
        "Johannesburg",
        "Port Elizabeth",
        "Port Nolloth",
        "Richards Bay"
    ],
    "South Georgia and the South Sandwich Islands": [
        "Grytviken"
    ],
    "South Korea": [
        "Busan New Port",
        "Daepori",
        "Daesan",
        "Donghae",
        "Gwangyang",
        "Incheon",
        "Koje",
        "Ko Jung",
        "Kunsan",
        "Kwangyang",
        "Masan",
        "Mogpo",
        "Mukho",
        "Okkye",
        "Okpo",
        "Onsan",
        "Pohang",
        "Pusan",
        "Pyeong Taek",
        "Pyungtaek",
        "Samcheon Po",
        "Samchok",
        "Seoul",
        "Sokcho",
        "Tonghae",
        "Ulsan",
        "Yeosu",
        "Yosu"
    ],
    "Spain": [
        "Abaran",
        "Adra",
        "Aguilas",
        "Alcanar",
        "Alcudia",
        "Algeciras",
        "Alicante",
        "Arguineguin",
        "Barcelona",
        "Bermeo",
        "Bilbao",
        "Blanca",
        "Burela",
        "Burgos",
        "Burriana",
        "Cadiz",
        "Carboneras",
        "Cartagena",
        "Castellon De La Plana",
        "Castro-Urdiales",
        "Ceuta",
        "Cillero",
        "Corcubion",
        "Denia",
        "El Ferrol",
        "Ferrol",
        "Gandia",
        "Garrucha",
        "Gijon",
        "Ibiza",
        "Javea",
        "La Estaca",
        "Las Palmas",
        "Luarca",
        "Madrid",
        "Malaga",
        "Marin",
        "Marin, Pontevedra",
        "Mazarron",
        "Melilla",
        "Menorca",
        "Motril",
        "Muros",
        "Palamos",
        "Palma",
        "Pasajes",
        "Puerto de la Savina",
        "Puerto del Rosario",
        "Ribadeo",
        "Rosas",
        "Sagunto",
        "San Antonio",
        "San Carlos de la Rapita",
        "San Ciprian",
        "San Esteban de Pravia",
        "San Feliu de Guixols",
        "San Sebastian",
        "San Sebastian De La Gomera",
        "Santa Cruz de la Palma",
        "Santa Cruz de Tenerife",
        "Santander",
        "Sevilla",
        "Seville",
        "Tarragona",
        "Tenerife",
        "Torrevieja",
        "Valencia",
        "Vigo",
        "Vilanova i la Geltru",
        "Villagarcia de Arosa",
        "Villaricos"
    ],
    "Sri Lanka": [
        "Colombo",
        "Galle",
        "Jaffna",
        "Kankesanturai",
        "Matara",
        "Negombo"
    ],
    "Sudan": [
        "Port Sudan"
    ],
    "Suriname": [
        "Moengo",
        "Nieuw Nickerie",
        "Paramaribo",
        "Paranam",
        "Wageningen"
    ],
    "Sweden": [
        "Ahus",
        "Ala",
        "Arboga",
        "Bergkvara",
        "Borgholm",
        "Brofjorden",
        "Bulkhamnen",
        "Degerhamn",
        "Donso",
        "Enkoping",
        "Falkenberg",
        "Gavle",
        "Gotthenburg",
        "Hallstavik",
        "Halmstad",
        "Haraholmen",
        "Hargshamn",
        "Harnosand",
        "Helsingborg",
        "Hoganas",
        "Hudiksvall",
        "Husum",
        "Iggesund",
        "Kalix",
        "Kalmar",
        "Kapellskar",
        "Karlsborg",
        "Karlshamn",
        "Karlskrona",
        "Karlstad",
        "Karskar",
        "Klagshamn",
        "Klintehamn",
        "Koping",
        "Kramfors",
        "Kristinehamn",
        "Kungsor",
        "Landskrona",
        "Lidkoping",
        "Limhamn",
        "Ljusne",
        "Lomma",
        "Lulea",
        "Lysekil",
        "Malmo",
        "Mariestad",
        "Marstrand",
        "Norrkoping",
        "Norrsundet",
        "Nykoping",
        "Nynashamn",
        "Ornskoldsvik",
        "Oskarshamn",
        "Otterbacken",
        "Oxelosund",
        "Pataholm",
        "Pitea",
        "Ronehamn",
        "Ronneby",
        "Ronnebyhamn",
        "Ronnskar",
        "Simrishamn",
        "Skelleftea",
        "Skelleftehamn",
        "Skoghall",
        "Skredsvik",
        "Skutskar",
        "Slite",
        "Soderhamn",
        "Sodertalje",
        "Sodertelje",
        "Solvesborg",
        "Stenungsund",
        "Stockholm",
        "Storugns",
        "Strangnas",
        "Stroemstad",
        "Stugsund",
        "Sundsvall",
        "Trelleborg",
        "Trollhatte Canal",
        "Tunadal",
        "Uddevalla",
        "Umea",
        "Utansjo",
        "Vaesteras",
        "Valdemarsvik",
        "Vallvik",
        "Vanersborg",
        "Varberg",
        "Vastervik",
        "Visby",
        "Waija",
        "Wallhamn",
        "Wallvik",
        "Ystad"
    ],
    "Switzerland": [
        "BASEL",
        "Muttenz",
        "Zurich"
    ],
    "Syria": [
        "Banias",
        "Borj Islam",
        "Latakia",
        "Tartous"
    ],
    "Taiwan": [
        "An-Ping",
        "Hualien",
        "Kaohsiung",
        "Keelung",
        "Mailiao",
        "Ma-Kung",
        "Su-Ao",
        "Taichung",
        "Taipei",
        "Taoyuan"
    ],
    "Tajikistan": [
        "Dushanbe"
    ],
    "Tanzania": [
        "Chake Chake",
        "Dar Es Salaam",
        "Kilwa Kivinje",
        "Kilwa Masoko",
        "Lindi",
        "Mkoani",
        "Pangani",
        "Tanga",
        "Wete Wete",
        "Zanzibar"
    ],
    "Thailand": [
        "Bangkok",
        "Bangpakong",
        "Benchamas Terminal",
        "Bongkot Terminal",
        "Chanthaburi",
        "Chongnonsri Marine Terminal",
        "Erawan Terminal",
        "Kantang",
        "Khanom",
        "Koh Sichang",
        "Kohsichang TPP",
        "Krabi",
        "Laem Chabang",
        "Lat Krabang",
        "Mab Tapud",
        "Map Ta Phut",
        "Paknam",
        "Pattani",
        "Petchburi Terminal",
        "Prachuap Port",
        "Rayong TPI Terminal",
        "Samut Prakan",
        "Sattahip",
        "Siam Seaport",
        "Siracha",
        "Songkhla",
        "Tantawan Marine Terminal"
    ],
    "Togo": [
        "Kpeme",
        "Lome"
    ],
    "Tonga": [
        "Nuku Alofa",
        "Pangai"
    ],
    "Trinidad and Tobago": [
        "Brighton",
        "Chaguaramas",
        "Cronstadt Island",
        "Crown Point",
        "Galeota Point",
        "Pointe A Pierre",
        "Point Fortin",
        "Point Lisas",
        "Port of Spain",
        "Scarborough",
        "Tembladora"
    ],
    "Tunisia": [
        "Ashtart Terminaashta",
        "Ashtart Terminal",
        "Bizerte",
        "Gabes",
        "La Goulette",
        "La Skhirra",
        "Menzel Bourguiba",
        "Rades",
        "Sfax",
        "Sousse",
        "Tazerka",
        "Tunis",
        "Zarzis"
    ],
    "Turkey": [
        "Alanya",
        "Aliaga",
        "Ambarli",
        "Antalya",
        "Ayvalik",
        "Bagfas-Iskur Fertilizer Jetty",
        "Bandirmar",
        "Bodrum",
        "Borusan",
        "Botas Natural Gas Terminal",
        "Cesme",
        "Cide",
        "Darica",
        "Delta Terminal",
        "Derince",
        "Dikili",
        "Dortyol Oil Terminal",
        "Eregli",
        "Fatsa",
        "Fethiye",
        "Finike",
        "Gebze",
        "Gelibolu",
        "Gemlik",
        "Giresun",
        "Gocek",
        "Gorele",
        "Gulluk",
        "Haydarpasa",
        "Hereke",
        "Hopa",
        "Icdas Jetty",
        "Inebolu",
        "Isdemir",
        "Iskenderun",
        "Istanbul",
        "Izmir",
        "Izmit (Evyap)",
        "Karabiga",
        "Kumport",
        "Kusadasi",
        "Mardas",
        "Mersin",
        "Mudanya",
        "Nemrut Bay",
        "Ordu",
        "Rize",
        "Samsun",
        "Sedef",
        "Sinop",
        "S-Port",
        "Tasucu",
        "Tekirdag",
        "Tirebolu",
        "Toros",
        "Trabzon",
        "Yarimca",
        "Zonguldak"
    ],
    "Turkmenistan": [
        "Turkmenbashi",
        "Turkmenbashy",
        "Turkmenbasy"
    ],
    "Turks and Caicos Islands": [
        "Cockburn Harbour",
        "Grand Turk",
        "Providenciales"
    ],
    "Tuvalu": [
        "Funafuti"
    ],
    "Ukraine": [
        "Belgorod-Dnestrovskiy",
        "Berdyansk",
        "Chernihiv",
        "Chornomorsk",
        "Dnipro",
        "Evpatoria",
        "Feodosiya",
        "Izmail",
        "Kerch",
        "Kharkiv",
        "Kherson",
        "Kiliya",
        "Kyiv",
        "Mariupol",
        "Nikolaev",
        "Ochakov",
        "Odesa",
        "Pivdennyi",
        "Poltava",
        "Reni",
        "Sevastopol",
        "Skadovsk",
        "Vinnytsia",
        "Yalta",
        "Zaporizhzhia"
    ],
    "United Arab Emirates": [
        "Abu Al Bukhoosh",
        "Abu Dhabi",
        "Ahmed Bin Rashid Port",
        "Ajman",
        "Al Dhafra",
        "Arzanah Island",
        "Das Island",
        "Dibba",
        "Dubai",
        "Fateh Terminal",
        "Fujairah",
        "Hamriyah LPG Terminal",
        "Hulaylah",
        "Jebel Ali",
        "Khor Al Fakkan",
        "Mina Saqr",
        "Mina Zayed",
        "Mubarraz Island",
        "Port Rashid",
        "Ras Al Khaimah",
        "Sadiyat Island",
        "Sharjah",
        "Sharjah Offshore Terminal",
        "Umm Al Nar Petroleum Port",
        "Umm Al Quwain",
        "Zirku Island"
    ],
    "United Kingdom": [
        "Aberdeen",
        "Aberdovey",
        "Aboyne",
        "Alexandria",
        "Annalong",
        "Annan",
        "Anstruther",
        "Appledore",
        "Arbroath",
        "Ardglass",
        "Ardrishaig",
        "Avonmouth",
        "Ayr",
        "Banff",
        "Barmouth",
        "Barnes",
        "Bathgate",
        "Bedlington",
        "Belfast",
        "Berwick-upon-Tweed",
        "Bideford",
        "Bird Port",
        "Birmingham",
        "Birtley",
        "Blyth",
        "Bolton",
        "Boston",
        "Braefoot Bay",
        "Brandon",
        "Bridgwater",
        "Bridlington",
        "Brierley Hill",
        "Brightlingsea",
        "Bristol",
        "Bryn",
        "Buckie",
        "Bude",
        "Burghead",
        "Burntisland",
        "Caernarfon",
        "Caerphilly",
        "Cairnryan",
        "Caledonian Canal",
        "Cambus",
        "Cardiff",
        "Carnlough",
        "Castle Bay",
        "Charleston",
        "Charlestown",
        "Coatbridge",
        "Colchester",
        "Coleraine",
        "Conwy",
        "Corpach",
        "Coventry",
        "Cowes",
        "Creeksea",
        "Crinan Canal",
        "Croydon",
        "Dagenham",
        "Dartford",
        "Devonport",
        "Dewsbury",
        "Dingle",
        "Dover Strait",
        "Dumbarton",
        "Dunbar",
        "Dundee",
        "Dunoon",
        "Exeter",
        "Exmouth",
        "Falmouth",
        "Fawley",
        "Felixstowe",
        "Fishguard",
        "Fleetwood",
        "Folkestone",
        "Forth Ports",
        "Fosdyke",
        "Fraserburgh",
        "Garieston",
        "Garlieston",
        "Girvan",
        "Glasgow Apt",
        "Glensanda",
        "Goole",
        "Gourock",
        "Grangemouth",
        "Greenock",
        "Grimsby",
        "Halifax",
        "Hampton",
        "Harwich",
        "Holyhead",
        "Hound Point",
        "Howdendyke",
        "Hull",
        "Hunterston",
        "Hyde",
        "Ilford",
        "Immingham",
        "Inverness",
        "Ipswich",
        "Irvine",
        "Isle Of Grain",
        "Isle of Whithorn",
        "Kilkeel",
        "Kilroot",
        "Kirkcudbright",
        "Kirkwall",
        "Knowsley",
        "Kyle of Lochalsh",
        "Lancaster",
        "Largs",
        "Larne",
        "Leith",
        "Lerwick",
        "Linton",
        "Littlehampton",
        "Liverpool",
        "Llanarmon",
        "Llanddulas",
        "Lochaline",
        "Lochboisdale",
        "Loch Gairloch",
        "Lochmaddy",
        "London",
        "Londonderry",
        "London Gateway",
        "Looe",
        "Lossiemouth",
        "Lowestoft",
        "Lybster",
        "Lydney",
        "Macduff",
        "Machrihanish",
        "Maldon",
        "Mallaig",
        "Manchester",
        "Medway Ports",
        "Mevagissey",
        "Middlesborough",
        "Minworth",
        "Mistley",
        "Montrose",
        "Moston",
        "Mostyn",
        "Nailsea",
        "Nairn",
        "Neath Abbey",
        "New Holland",
        "Newlyn",
        "Norwich",
        "Padstow",
        "Par",
        "Peebles",
        "Pembroke",
        "Penryn",
        "Penzance",
        "Perth",
        "Peterhead",
        "Plymouth",
        "Point Of Ayre",
        "Pontefract",
        "Poole",
        "Poplar",
        "Port Askaig",
        "Portavogie",
        "Portbury",
        "Port Ellen",
        "Porthmadog",
        "Portishead",
        "Port Lamont",
        "Portland",
        "Port Penrhyn",
        "Port Sunlight",
        "Port Sutton Bridge",
        "Port Talbot",
        "Port William",
        "Preston",
        "Pwllheli",
        "Ramsgate",
        "Richborough",
        "Rotherham",
        "Rothes",
        "Royston",
        "Runcorn",
        "Rye",
        "Salt End",
        "Saundersfoot",
        "Scalloway",
        "Scarborough",
        "Scrabster",
        "Seaham",
        "Selby",
        "Sheerness",
        "Sheffield",
        "Shoreham",
        "Shotton",
        "Silloth",
        "Southampton",
        "South Shields",
        "Stockton-on-Tees",
        "Stornoway",
        "Strangford",
        "Stranraer",
        "Stretford",
        "Stromness",
        "Sunderland",
        "Sutton Bridge",
        "Swansea",
        "Teesport",
        "Teignmouth",
        "Tetney Terminal",
        "Thamesport",
        "Thurso",
        "Tilbury",
        "Tobermory",
        "Torquay",
        "Tranent",
        "Trent Wharves",
        "Troon",
        "Truro",
        "Ullapool",
        "Warrenpoint",
        "Warrington",
        "Washington",
        "Watchet",
        "Wembley",
        "Wemyss Bay",
        "Weston",
        "Weymouth",
        "Whitby",
        "Whitland",
        "Whitstable",
        "Wick",
        "Widnes",
        "Wigan",
        "Wisbech",
        "Workington",
        "Wrexham",
        "Yarmouth",
        "York"
    ],
    "United States": [
        "Adak",
        "Akutan",
        "Alabama Inland Ports",
        "Aladdin",
        "Alameda",
        "Alamogordo",
        "Algonac",
        "Allegan",
        "Alliance",
        "Almena",
        "Amsterdam",
        "Anacortes",
        "Anadarko",
        "Anaheim",
        "Anchorage",
        "Anchorville",
        "Angoon",
        "Apalachicola",
        "Appleton",
        "Archbold",
        "Arkansas City",
        "Ashburn",
        "Ash Grove",
        "Ashland",
        "Ashtabula",
        "Astatula",
        "Astoria",
        "Atlanta",
        "Atreco",
        "Austin",
        "Avon Park",
        "Balboa",
        "Baltimore",
        "Bangor",
        "Barber's Point Harbor",
        "Bar Harbor",
        "Barrington",
        "Bartow",
        "Bassett",
        "Bastrop",
        "Bath",
        "Baton Rouge",
        "Battle Ground",
        "Bay City",
        "Bay Meadows",
        "Beaumont",
        "Beaverton",
        "Beecher Falls",
        "Belfast",
        "Bellaire",
        "Bell Bay",
        "Belle Fourche",
        "Belle Plaine",
        "Bellingham",
        "Benicia",
        "Bernalillo",
        "Berwick",
        "Bethel",
        "Big Sandy",
        "Billings",
        "Birmingham",
        "Black Rock Harbor",
        "Blissfield",
        "Boca Grande",
        "Bonanza",
        "Boone",
        "Borger",
        "Boston",
        "Bradwood",
        "Brattleboro",
        "Brazil",
        "Bridgeport",
        "Bridgetown",
        "Bronx",
        "Brownsville",
        "Brownsville-Port Isabel",
        "Brownwood",
        "Brunswick",
        "Buckland",
        "Buena Park",
        "Buffalo",
        "Buras",
        "Burlington",
        "Burnet",
        "Burney",
        "Burns Harbor",
        "Burton",
        "Calexico",
        "Calumet City",
        "Camas-Washougal",
        "Cambridge",
        "Camden",
        "Campbellsburg",
        "Canandaigua",
        "Candor",
        "Cape Charles",
        "Cape Cod Canal",
        "Carnegie",
        "Castle Island",
        "Castroville",
        "Catawba",
        "Cedar Hills",
        "Champion",
        "Champlain",
        "Charles City",
        "Charleston",
        "Charlevoix",
        "Charlotte",
        "Chateaugay",
        "Chattahoochee",
        "Chattanooga",
        "Cheboygan",
        "Chicago",
        "Chicago Heights",
        "Chickasha",
        "Cincinnati",
        "Clarkston",
        "Clayton",
        "Clearwater",
        "Cleveland",
        "Colbert",
        "Cold Bay",
        "College Point",
        "Colon",
        "Colorado City",
        "Columbus",
        "Conneaut",
        "Constantine",
        "Coos Bay",
        "Corcoran",
        "Cordova",
        "Corpus Christi",
        "Corsicana",
        "Cottondale",
        "Craig",
        "Crescent City",
        "Crockett",
        "Crossett",
        "Crowley",
        "Cumming",
        "Dallas",
        "Dawson",
        "Delano",
        "Delavan",
        "Delaware",
        "Delaware Bay",
        "Delaware City",
        "Delphi",
        "Del Rio",
        "Denver",
        "Des Moines",
        "Des Plaines",
        "Destrehan",
        "Detroit",
        "Detroit City",
        "Dickson",
        "Dillingham",
        "Dilworth",
        "Donaldson",
        "Drift River Marine Terminal",
        "Duluth-Superior",
        "Dunkirk",
        "Dunseith",
        "Du Quoin",
        "Dutch Harbor",
        "Eagle Pass",
        "Eastport Maine Usa",
        "East Saint Louis",
        "East Sandwich",
        "Eaton",
        "Eddystone",
        "Edgeley",
        "Edison",
        "El Capitan",
        "El Dorado",
        "Elizabeth",
        "Elk Grove Village",
        "Elkhorn",
        "Elko",
        "Elmhurst",
        "Elmira",
        "Elmwood Park",
        "El Segundo",
        "Eltopia",
        "El Toro",
        "Ely",
        "Emlenton",
        "Endeavor",
        "Erie",
        "Escanaba",
        "Etowah",
        "Eufaula",
        "Eugene",
        "Everett",
        "Fabens",
        "Fairburn",
        "Fairport",
        "Fall River",
        "Fargo",
        "Fernandina Beach",
        "Ferndale",
        "Fillmore",
        "Findlay",
        "Fishersville",
        "Fitchburg",
        "Flint",
        "Florida",
        "Flower Mound",
        "Foley",
        "Fond Du Lac",
        "Forrest",
        "Fort Lauderdale",
        "Fort Mill",
        "Fort Smith",
        "Fort Wayne",
        "Fort Worth",
        "Fosston",
        "Freeport",
        "Frewsburg",
        "Frontier",
        "Gadsden",
        "Galion",
        "Gallup",
        "Galveston",
        "Gardiner",
        "Garfield",
        "Gaston",
        "George",
        "Georgetown",
        "Glen Dale",
        "Gloucester",
        "Golden Valley",
        "Gonzalez",
        "Good Hope",
        "Goodland",
        "Good Thunder",
        "Grand Blanc",
        "Grand Haven",
        "Grand Rapids",
        "Grays Harbor",
        "Grays River",
        "Great Lakes",
        "Green Bay",
        "Greenport Harbor",
        "Greensboro",
        "Greenview",
        "Grove City",
        "Guam",
        "Gulfport",
        "Gustavus",
        "Hagerstown",
        "Haines",
        "Haleyville",
        "Hallandale",
        "Hamburg",
        "Hamlet",
        "Hampshire",
        "Hampton Roads",
        "Hansboro",
        "Hanska",
        "Hardwick",
        "Hatfield",
        "Hauppauge",
        "Havana",
        "Haverhill",
        "Hawthorne",
        "Hazelwood",
        "Hempstead",
        "High Point",
        "Hills",
        "Hillside",
        "Hiwassee",
        "Hoboken",
        "Hollis",
        "Home",
        "Homestead",
        "Honolulu",
        "Hooksett",
        "Hoonah",
        "Horseheads",
        "Hospers",
        "Houlton",
        "Houston",
        "Howey In The Hills",
        "Hueneme",
        "Huntingdon",
        "Huntingdon Valley",
        "Huntington Beach",
        "Huntsville",
        "Huron",
        "Hyannis Harbor",
        "Hydaburg",
        "Hyrum",
        "Idabel",
        "Indianapolis",
        "Iowa City",
        "Island Falls",
        "Ithaca",
        "Iuka",
        "Jacksonville",
        "Jenison",
        "Jesup",
        "John F. Kennedy Apt/New York",
        "Johnston Island Harbour",
        "Jonesport",
        "Joshua",
        "Juda",
        "Kahului",
        "Kailua Kona",
        "Kake",
        "Kalama",
        "Kanawha",
        "Kane",
        "Kansas City",
        "Kawaihae",
        "Keansburg",
        "Kenai",
        "Kenansville",
        "Kennewick",
        "Kenosha",
        "Kenvil",
        "Kerhonkson",
        "Ketchikan",
        "Keyport",
        "King",
        "King Cove",
        "Kings Mountain",
        "Kingsport",
        "Klawock",
        "Klickitat",
        "Knik",
        "Kodiak",
        "Kotzebue",
        "Kouts",
        "Kulm",
        "La Guardia Apt/New York",
        "Laguna Beach",
        "Laguna Hills",
        "Lake Forest",
        "Lake Orion",
        "Lanark",
        "Landis",
        "Lapeer",
        "La Porte",
        "Laramie",
        "Laredo",
        "Las Vegas",
        "Laurier",
        "Lawrenceville",
        "Lawton",
        "Lenox",
        "Lewisburg",
        "Lewiston",
        "Libertyville",
        "Lilesville",
        "Lincolnton",
        "Linn",
        "Lisbon Falls",
        "Littleton",
        "Live Oak",
        "Liverpool",
        "Livonia",
        "Lockeford",
        "Lolita",
        "Long Beach",
        "Long Lake",
        "Longview",
        "Longwood",
        "Loop Terminal",
        "Lorain",
        "Los Alamitos",
        "Los Angeles",
        "Louisa",
        "Louisville",
        "Lukeville",
        "Lumber City",
        "Lyme",
        "Lynchburg",
        "Lynden",
        "Madawaska",
        "Madill",
        "Madison Heights",
        "Mahrt",
        "Malaga",
        "Manassas",
        "Mandan",
        "Manistee",
        "Manitowoc",
        "Manson",
        "Maple Hill",
        "Marcus Hook",
        "Marianna",
        "Marquette",
        "Marrero",
        "Martinez",
        "Massena",
        "Mattoon",
        "Mayo",
        "Meigs",
        "Mellville",
        "Melrose Park",
        "Melville",
        "Memphis",
        "Menominee",
        "Menomonee Falls",
        "Mentor",
        "Meridian",
        "Metairie",
        "Metlakatla",
        "Mexico",
        "Miami",
        "Michigan",
        "Middlesex",
        "Midlothian",
        "Millersville",
        "Millington",
        "Milwaukee",
        "Mingo",
        "Minneapolis/St Paul Apt",
        "Minot",
        "Mississippi River",
        "Mobile",
        "Monroe",
        "Montebello",
        "Monument",
        "Mora",
        "Morehead City",
        "Morgan City",
        "Morganton",
        "Morrill",
        "Morriston",
        "Morrisville",
        "Morrow",
        "Moselle",
        "Mosinee",
        "Moss Landing",
        "Moundville",
        "Mount Olive",
        "Muncie",
        "Muskegon",
        "Myerstown",
        "Myrtle Grove",
        "Naco",
        "Naknek",
        "Nantucket Harbor",
        "Naples",
        "Napoleon",
        "Nashville",
        "Navasota",
        "Nawiliwili",
        "Neah Bay",
        "Nenana",
        "Neoga",
        "Newark",
        "Newaygo",
        "Newbern",
        "Newberry",
        "New Britain",
        "New Franklin",
        "New Orleans",
        "New Philadelphia",
        "Newport",
        "Newport News",
        "Newport News Hampton",
        "New York",
        "New York Mills",
        "Nikiski",
        "Norfolk",
        "North",
        "North Adams",
        "Northborough",
        "Northbridge",
        "North Charleston",
        "North Lima",
        "North Pembroke",
        "Northport",
        "North Prairie",
        "Oak Bluff",
        "Oakhurst",
        "Oakland",
        "Oak Ridge",
        "Oberlin",
        "Odessa",
        "Ogdensburg",
        "Oklahoma City",
        "Olive Branch",
        "Olympia",
        "Ontonagon",
        "Orange",
        "Orlando",
        "Oslo",
        "Ostrica",
        "Oswego",
        "Paducah",
        "Palmdale",
        "Panama City (Fl)",
        "Parlier",
        "Parsippany",
        "Parsons",
        "Pasadena",
        "Pascagoula",
        "Pasco",
        "Patterson",
        "Paulsboro",
        "Pearlington",
        "Pecos",
        "Peekskill",
        "Pelican",
        "Pellston",
        "Pembina",
        "Pennsauken",
        "Penns Grove",
        "Pensauken",
        "Philadelphia",
        "Phoenix",
        "Pinconning",
        "Pine Brook",
        "Pinson",
        "Pittsburg",
        "Pittsburgh",
        "Plaquemines",
        "Plymouth",
        "Port Allen",
        "Port Arthur",
        "Port Blakely",
        "Port Bolivar",
        "Port Canaveral",
        "Port Chester Harbor",
        "Port Clyde",
        "Port Elizabeth",
        "Port Everglades",
        "Port Fourchon",
        "Port Gamble",
        "Port Gibson",
        "Port Hadlock",
        "Port Hueneme",
        "Port Huron",
        "Port Jefferson",
        "Portland",
        "Portland (Me)",
        "Port Lavaca",
        "Port Ludlow",
        "Port Manatee",
        "Port Newark",
        "Port Orange",
        "Port Orchard",
        "Port Reading",
        "Port Royal",
        "Port Saint Joe",
        "Port San Luis",
        "Portsmouth",
        "Port St Joe",
        "Port Sulphur",
        "Port Townsend",
        "Port Washington",
        "Port Wentworth",
        "Presidio",
        "Presque Isle",
        "Provincetown",
        "Racine",
        "Rapid City",
        "Raymondville",
        "Red Dog",
        "Redwood City",
        "Reedsburg",
        "Reedville",
        "Reidsville",
        "Reunion",
        "Revere",
        "Richardton",
        "Richmond",
        "Ridgeville",
        "Riverhead Terminal",
        "Riverview",
        "Rochester",
        "Rockland",
        "Rocky Mount",
        "Rome",
        "Roseau",
        "Rosendale",
        "Sabina",
        "Sabine",
        "Sacramento",
        "Saint Cloud",
        "Saint Petersburg",
        "Salem",
        "Salida",
        "Salt Lake City",
        "San Antonio",
        "Sanderson",
        "San Diego",
        "Sand Point",
        "Sandwich",
        "San Francisco",
        "Santa Barbara",
        "Santa Clarita",
        "Sapulpa",
        "Sarasota",
        "Sasabe",
        "Savage",
        "Savannah",
        "Saxman",
        "Scotland Neck",
        "Seagoville",
        "Seattle (Wa)",
        "Selby",
        "Seldovia",
        "Sergeant Bluff",
        "Seward",
        "Sewells Point",
        "Sheboygan Falls",
        "Shelton",
        "Sims",
        "Sitka",
        "Skagway",
        "South Charleston",
        "Southgate",
        "South Kearny",
        "South Louisiana",
        "Sparks",
        "Sparrows Point",
        "Springdale",
        "Spruce Pine",
        "Stafford",
        "Stamford Harbor",
        "Stamps",
        "St Bernard Port",
        "St George",
        "St Helens",
        "St Louis",
        "St Michael",
        "Stockton",
        "Stoneham",
        "Stonington Harbor",
        "Stoughton",
        "Stow",
        "St Paul",
        "St Petersburg",
        "St. Petersburg",
        "Strasburg",
        "Streator",
        "Stryker",
        "Sulligent",
        "Sunny Point Terminal",
        "Sutherlin",
        "Tabor City",
        "Tacoma",
        "Taconite Harbor",
        "Talladega",
        "Tallapoosa",
        "Tama",
        "Tampa",
        "Tecate",
        "Texas City",
        "The Dalles",
        "Thorne Bay",
        "Three Forks",
        "Toledo",
        "Tongue Point",
        "Trainer",
        "Trout River",
        "Tryon",
        "Tucker",
        "Tucson",
        "Tulsa",
        "Turkey",
        "Tuscumbia",
        "Tyler",
        "Umatilla",
        "Vancouver",
        "Veblen",
        "Venice",
        "Vernon Hills",
        "Waddington",
        "Wadesboro",
        "Walhalla",
        "Walla Walla",
        "Walnut Grove",
        "Walpole",
        "Walworth",
        "Waukegan",
        "Wellsburg",
        "Wendover",
        "West Chicago",
        "West Groton",
        "Whitman County",
        "Whittier",
        "Wichita Falls",
        "Wilburton",
        "Willapa",
        "Willcox",
        "Williamson",
        "Willow",
        "Wilmington",
        "Winston Salem",
        "Winterport",
        "Woodbridge",
        "Wood-Ridge",
        "Wrangell",
        "Wyandotte",
        "Wytheville",
        "Yakutat",
        "Yarmouth",
        "Yorktown",
        "Yuma",
        "Zeeland"
    ],
    "United States Minor Outlying Islands": [
        "Wake Island"
    ],
    "Uruguay": [
        "Colonia",
        "Fray Bentos",
        "Jose Ignacio Terminal",
        "La Paloma",
        "Montevideo",
        "Punta del Este"
    ],
    "Uzbekistan": [
        "Bukhara",
        "Tashkent"
    ],
    "Vanuatu": [
        "Port Vila",
        "Santo"
    ],
    "Venezuela": [
        "Alcasa",
        "Amuay",
        "Araya",
        "Bajo Grande Refinery",
        "Boca Grande",
        "Borburata",
        "Cabimas/Maracaibo L",
        "Carupano",
        "Chichiriviche",
        "Ciudad Bolivar",
        "Coloncha",
        "Cristobal Colon",
        "Cumana",
        "El Chaure",
        "El Guamache",
        "El Palito",
        "El Tablazo/Maracaibo",
        "Guanta",
        "Guaraguao",
        "Guaranao Bay",
        "Guiria",
        "Jose Terminal",
        "La Ceiba",
        "La Estacada",
        "La Guaira",
        "Maracaibo",
        "Matanzas",
        "Palua",
        "Pamatacual",
        "Paradero",
        "Pertigalete",
        "Puerto Cabello",
        "Puerto de Hierro",
        "Puerto Pedernales",
        "Puerto Sucre",
        "Punta Camacho",
        "Punta Cardon",
        "Punta Cuchillo",
        "Punta de Palmas",
        "San Felix",
        "San Lorenzo",
        "Venalum Terminal",
        "Venterminales"
    ],
    "Vietnam": [
        "Ba Ngoi",
        "Binh Duong Port",
        "Cai Lan",
        "Cai Mep",
        "Campha",
        "Can Tho",
        "Cat Lai",
        "Dai Hung",
        "Danang",
        "Da Nang",
        "Dong Nai Port",
        "Dong Thap",
        "Haiphong",
        "Hanoi",
        "Ho Chi Minh City",
        "Hon Chong",
        "Hon Gay",
        "Le Mon",
        "My Tho",
        "Nam Can",
        "Nghe Tinh",
        "Nha Trang",
        "Phu My",
        "Quy Nhon",
        "Tan Cang",
        "Van Phong Bay",
        "Vung Tau"
    ],
    "Yemen": [
        "Aden",
        "Hodeidah",
        "Mokha",
        "Mukalla",
        "Nishtun",
        "Ras Isa Marine Terminal",
        "Saleef Port"
    ],
    "Zambia": [
        "Lusaka"
    ],
    "Zimbabwe": [
        "Harare"
    ]
}